cit_id,cites_pub_id,level,citing_year,is_self,citing_authors_raw,citing_doi_url,abs,abs_yr,abdc,abdc_yr,fnege,econlit,scopus,scopus_q,wos,wos_if,wos_if_yr,publisher,forthcoming,norm_title,raw_tag,raw_ref,source_found,link_confirmed,confirm_method,first_seen_run,last_seen_run,verified,flag_red
abs-06#0,abs-06,2,2025,0,"Bado, B., Tahir, T., Thamrin Tahir, M. I., & Hasan, M.",https://doi.org/10.1080/23311975.2025.2457441,1,2021,B,,,,1,,1,3.0,2023,,,bado b tahir t thamrin tahir m i hasan m positive psychological capital entrepreneurial,"ABS 2021: 1, ABDC: B, Scopus, WoS (Impact Factor 2023: 3.0)","Bado, B., Tahir, T., Thamrin Tahir, M. I., & Hasan, M. (2025). Positive psychological capital, entrepreneurial knowledge transfer, and entrepreneurial mindset growth: A synthesis of MSMEs’ challenges. Cogent Business & Management, 12(1), 2457441. https://doi.org/10.1080/23311975.2025.2457441",docx-import,1,manual-import,import-docx,import-docx,1,
abs-06#1,abs-06,2,2025,0,"Yang, B., & Park, S.-D.",https://doi.org/10.1177/21582440251393200,,,,,,,1,,1,2.032,2022,,,yang b park s d evolving innovation ecosystems longitudinal insights into the triple helix,"Scopus, WoS (Impact Factor 2022: 2.032)","Yang, B., & Park, S.-D. (2025). Evolving Innovation Ecosystems: Longitudinal Insights into the Triple Helix Model and Enterprise Innovation in China. Sage Open, 15(4), 21582440251393200. https://doi.org/10.1177/21582440251393200",docx-import,1,manual-import,import-docx,import-docx,1,
abs-06#2,abs-06,2,2024,0,"Siddiqui, A. H., Shaikh, E. A., & Khan, U.",,,,,,,,,,,,,,,siddiqui a h shaikh e a khan u the impact of public and private,,"Siddiqui, A. H., Shaikh, E. A., & Khan, U. (2024). THE IMPACT OF PUBLIC AND PRIVATE INVESTMENT ON THE GROWTH OF SMALL AND MEDIUM-SIZED ENTERPRISES. Priority-The International Business Review, 2(2), Article 2.",docx-import,1,manual-import,import-docx,import-docx,1,
abs-05#3,abs-05,2,2025,0,"Hikmah, N., & Aimah, S.",https://doi.org/10.30863/ajmpi.v15i1.7586,,,,,,,,,,,,,,hikmah n aimah s bangkitnya akreditasi berbasis hasil era baru penjaminan mutu adaara jurnal,,"Hikmah, N., & Aimah, S. (2025). Bangkitnya Akreditasi Berbasis Hasil: Era Baru Penjaminan Mutu. Adaara: Jurnal Manajemen Pendidikan Islam, 15(1), 23–41. https://doi.org/10.30863/ajmpi.v15i1.7586",docx-import,1,manual-import,import-docx,import-docx,1,
abs-05#4,abs-05,2,2025,0,"Bhatnagr, P.",https://doi.org/10.4018/979-8-3373-8236-4.ch005,,,,,,,,,,,,,,bhatnagr p reconfiguring global trade the economic impact of the russia ukraine conflict and,,"Bhatnagr, P. (2025). Reconfiguring Global Trade: The Economic Impact of the Russia-Ukraine Conflict and Strategic Responses. In E. İsmayil (Ed.), Energy and Power Rivalries Across Eurasia (pp. 103–132). IGI Global Scientific Publishing. https://doi.org/10.4018/979-8-3373-8236-4.ch005",docx-import,1,manual-import,import-docx,import-docx,1,
abs-05#5,abs-05,2,2025,0,"Htwe, T., Zaw, S. T., & Reza, A.",https://doi.org/10.70177/solj.v3i2.2088,,,,,,,,,,,,,,htwe t zaw s t reza a the compatibility of shariah law and modern,,"Htwe, T., Zaw, S. T., & Reza, A. (2025). The Compatibility of Shariah Law and Modern Capitalism: A Case Study of Indonesia’s Islamic Banking Sector. Sharia Oikonomia Law Journal, 3(2), 179–190. https://doi.org/10.70177/solj.v3i2.2088",docx-import,1,manual-import,import-docx,import-docx,1,
abs-05#6,abs-05,2,2025,0,"Ojeaburu, F., & Ogbonna, G. N.",https://doi.org/10.65453/ijar.v10i1.1270,,,,,,,,,,,,,,ojeaburu f ogbonna g n ict usage and economic growth of nigeria international journal,,"Ojeaburu, F., & Ogbonna, G. N. (2025). ICT Usage and Economic Growth of Nigeria. International Journal of Accounting Research, 10(1), 01–09. https://doi.org/10.65453/ijar.v10i1.1270",docx-import,1,manual-import,import-docx,import-docx,1,
abs-05#7,abs-05,2,2025,0,"Akhyar, M. N., Redjo, S. I., & Kartini, D. S.",https://doi.org/10.24815/gaspol.v6i1.45276,,,,,,,,,,,,,,akhyar m n redjo s i kartini d s the effectiveness of digital population,,"Akhyar, M. N., Redjo, S. I., & Kartini, D. S. (2025). The Effectiveness of Digital Population Identity on the Public in the City of Bandung in 2023-2024. Journal of Governance and Social Policy, 6(1), 195–209. https://doi.org/10.24815/gaspol.v6i1.45276",docx-import,1,manual-import,import-docx,import-docx,1,
abs-05#8,abs-05,2,2025,0,"Wekke, I. S., Ladiqi, S., Kaunert, C., & Arifin, A.",https://doi.org/10.4018/979-8-3373-1727-4.ch001,,,,,,,1,,,,,,,wekke i s ladiqi s kaunert c arifin a remaking the world technology power,Scopus,"Wekke, I. S., Ladiqi, S., Kaunert, C., & Arifin, A. (2025). Remaking the World: Technology, Power, and International Political Economy. In K. Wongmahesak, T. Sriyakul, U. K. Ghosh, & I. S. Wekke (Eds), Technology, Geopolitics, and the Transformation of International Political Economy (pp. 1–20). IGI Global Scientific Publishing. https://doi.org/10.4018/979-8-3373-1727-4.ch001",docx-import,1,manual-import,import-docx,import-docx,1,
abs-05#9,abs-05,2,2025,0,"Pradeva, J. A., & Probohudono, A. N.",,,,,,,,,,,,,,,pradeva j a probohudono a n digital transformation how they can impact in the,,"Pradeva, J. A., & Probohudono, A. N. (2025). Digital Transformation: How they can Impact in the State-own Enterprise in Indonesian. Journal of International Business, Management and Finance Studies, 3(1), 126–134.",docx-import,1,manual-import,import-docx,import-docx,1,
abs-05#10,abs-05,2,2024,0,"Salazar-Fernández, C., Baeza-Rivera, M. J., Manríquez-Robles, D., León, C., & Ra",,,,,,,,,,,,,,,salazar fern ndez c baeza rivera m j manr quez robles d le n,,"Salazar-Fernández, C., Baeza-Rivera, M. J., Manríquez-Robles, D., León, C., & Raipán-Gómez, P. (2024). Identifying Disadvantaged Minority Groups in Chile: Who are they and how do we perceive them? PSYKHE, 33(2), 1–2.",docx-import,1,manual-import,import-docx,import-docx,1,
abs-05#11,abs-05,2,2024,0,"Kubus, R., Domínguez, I. L., & De Santos, I. M.",https://doi.org/10.4018/979-8-3693-7272-2.ch001,,,,,,,,,,,,,,kubus r dom nguez i l de santos i m orchestrating collective intelligence conceptual,,"Kubus, R., Domínguez, I. L., & De Santos, I. M. (2024). Orchestrating Collective Intelligence: Conceptual Pathway to a Sustainability-Oriented Future. In T. E. González Alvarado & P. Cabanelas Lorenzo (Eds.), Advances in Business Information Systems and Analytics (pp. 1–32). IGI Global. https://doi.org/10.4018/979-8-3693-7272-2.ch001",docx-import,1,manual-import,import-docx,import-docx,1,
abs-05#12,abs-05,2,2024,0,"Transformative EU 27 Labour Markets: Assessing Opportunities, Risks and Trends.",,,,,,,,,,,,,,,transformative eu 27 labour markets assessing opportunities risks and trends proceedings of the international,,"Transformative EU 27 Labour Markets: Assessing Opportunities, Risks and Trends. (2024). Proceedings of the ... International Conference on Economics and Social Sciences., 6(1), 464–473.",docx-import,1,manual-import,import-docx,import-docx,1,
abs-05#13,abs-05,2,2024,0,"Salazar-Fernández, C., Baeza-Rivera, M. J., Manríquez-Robles, D., León, C., & Ra",https://revistacienciapolitica.uc.cl/index.php/psykhe/article/view/86172,,,,,,,,,,,,,,salazar fern ndez c baeza rivera m j manr quez robles d le n,,"Salazar-Fernández, C., Baeza-Rivera, M. J., Manríquez-Robles, D., León, C., & Raipán-Gómez, P. (2024). Identificando Grupos Minoritarios Desaventajados en Chile: ¿Quiénes son y cómo los percibimos? Psykhe. https://revistacienciapolitica.uc.cl/index.php/psykhe/article/view/86172",docx-import,1,manual-import,import-docx,import-docx,1,
abs-05#14,abs-05,2,2024,0,"Mekwilai, W., & Aunyawong, W.",,,,,,,,,,,,,,,mekwilai w aunyawong w journal of innovation and management 9 1 51 64,,"Mekwilai, W., & Aunyawong, W. (2024). การ ยก ระดับ ผล การ ดำเนิน งาน ของ ธุรกิจ ใน พื้นที่ เศรษฐกิจ พิเศษ ภาค ตะวันออก: บทบาท ใน การ ส่ง ผ่าน ของ ความ ยืดหยุ่น ของ ซัพพลาย เชน. Journal of Innovation and Management, 9(1), 51–64.",docx-import,1,manual-import,import-docx,import-docx,1,
abs-04#15,abs-04,2,2025,0,"Eyina, N. N., & Anyalebechi, S. M.",https://doi.org/10.61796/ijss.v2i4.57,,,,,,,,,,,,,,eyina n n anyalebechi s m powerful but death in action an appraisal of,,"Eyina, N. N., & Anyalebechi, S. M. (2025). Powerful but Death in Action: An Appraisal of United Nations Security Council Responses to Russo-Ukrainian War. Journal of Social Science, 2(4), 308–323. https://doi.org/10.61796/ijss.v2i4.57",docx-import,1,manual-import,import-docx,import-docx,1,
abs-04#16,abs-04,2,2025,0,"Shust, N.",https://doi.org/10.21847/2411-3093.2025.729,,,,,,,,,,,,,,shust n the emerging new globalization and the war in ukraine a complex interplay,,"Shust, N. (2025). The emerging new Globalization and the War in Ukraine: A Complex Interplay of Politics, Economy and Society. Skhid, 7(2), 67–72. https://doi.org/10.21847/2411-3093.2025.729",docx-import,1,manual-import,import-docx,import-docx,1,
abs-04#17,abs-04,2,2025,0,"Bas, T. G.",https://doi.org/10.3390/agriculture15020155,,,,,,,1,,1,3.3,2023,,,bas t g globalization vs glocalization learn lessons from two global crises such as,"Scopus, WoS (Impact Factor 2023: 3.3)","Bas, T. G. (2025). Globalization vs. Glocalization: Learn Lessons from Two Global Crises, Such as the Russia–Ukraine Conflict and the COVID-19 Pandemic, for the Agro-Food and Agro-Industrial Sector. Agriculture, 15(2), Article 2. https://doi.org/10.3390/agriculture15020155",docx-import,1,manual-import,import-docx,import-docx,1,
abs-04#18,abs-04,2,2024,0,"Zafar, J.",https://doi.org/10.32787/ijir.v8i2.540,,,,,,,,,,,,,,zafar j geopolitics of mediterranean region indonesian journal of international relations 8 2 article,,"Zafar, J. (2024). GEOPOLITICS OF MEDITERRANEAN REGION. Indonesian Journal of International Relations, 8(2), Article 2. https://doi.org/10.32787/ijir.v8i2.540",docx-import,1,manual-import,import-docx,import-docx,1,
abs-04#19,abs-04,2,2024,0,"Paryente, B., & Frei-Landau, R.",https://doi.org/10.1177/20597991241241845,,,,,,,1,,,,,,,paryente b frei landau r a dual debrief based co autoethnography of a humanitarian,Scopus,"Paryente, B., & Frei-Landau, R. (2024). A dual debrief-based co-autoethnography of a humanitarian delegation member: Supporting Ukraine refugee mothers through ambiguous loss. Methodological Innovations, 20597991241241845. https://doi.org/10.1177/20597991241241845",docx-import,1,manual-import,import-docx,import-docx,1,
abs-03#20,abs-03,2,2025,0,"Andriyanto, D., Kurniawati, D., Wiguna, A. A., Mayasari, F., Resya, F., & Univer",https://doi.org/10.30741/adv.v9i2.1723,,,,,,,,,,,,,,andriyanto d kurniawati d wiguna a a mayasari f resya f universitasari p s,,"Andriyanto, D., Kurniawati, D., Wiguna, A. A., Mayasari, F., Resya, F., & Universitasari, P. S. (2025). Analysis of Product Marketing Strategy: Combined SWOT and QSPM Approach. Jurnal Ilmu Manajemen Advantage, 9(2), 204–216. https://doi.org/10.30741/adv.v9i2.1723",docx-import,1,manual-import,import-docx,import-docx,1,
abs-03#21,abs-03,2,2025,0,"Saarela, M., & Simunaniemi, A.-M.",https://doi.org/10.1108/JEPP-10-2024-0185,1,2021,,,,,1,,1,1.7,,,,saarela m simunaniemi a m microenterprises underrepresented in research a call for a more,"ABS 2021: 1, Scopus, WoS (Impact Factor: 1.7)","Saarela, M., & Simunaniemi, A.-M. (2025). Microenterprises – underrepresented in research? A call for a more connected research field. Journal of Entrepreneurship and Public Policy, 1–21. https://doi.org/10.1108/JEPP-10-2024-0185",docx-import,1,manual-import,import-docx,import-docx,1,
abs-03#22,abs-03,2,2024,0,Filep R.,https://doi.org/10.15170/MM.2024.58.03.07,,,,,,,,,,,,,,filep r change management steps among smes marketing menedzsment 58 3 article 3,,"Filep R. (2024). Change management steps among SMEs. Marketing & Menedzsment, 58(3), Article 3. https://doi.org/10.15170/MM.2024.58.03.07",docx-import,1,manual-import,import-docx,import-docx,1,
abs-03#23,abs-03,2,2025,0,"Mu, R., Rao, J., & Zhu, J.",https://doi.org/10.3390/su17051924,,,,,,,1,,1,3.3,2023,,,mu r rao j zhu j empowering breakthrough innovations through digital technology the effects,"Scopus, WoS (Impact Factor 2023: 3.3)","Mu, R., Rao, J., & Zhu, J. (2025). Empowering Breakthrough Innovations Through Digital Technology: The Effects of Digital Technology Depth and Breadth. Sustainability, 17(5), Article 5. https://doi.org/10.3390/su17051924",docx-import,1,manual-import,import-docx,import-docx,1,
abs-03#24,abs-03,2,2025,0,"Bado, B., Tahir, T., Thamrin Tahir, M. I., & Hasan, M.",https://doi.org/10.1080/23311975.2025.2457441,1,2021,B,,,,1,,1,3.0,2023,,,bado b tahir t thamrin tahir m i hasan m positive psychological capital entrepreneurial,"ABS 2021: 1, ABDC: B, Scopus, WoS (Impact Factor 2023: 3.0)","Bado, B., Tahir, T., Thamrin Tahir, M. I., & Hasan, M. (2025). Positive psychological capital, entrepreneurial knowledge transfer, and entrepreneurial mindset growth: A synthesis of MSMEs’ challenges. Cogent Business & Management, 12(1), 2457441. https://doi.org/10.1080/23311975.2025.2457441",docx-import,1,manual-import,import-docx,import-docx,1,
abs-03#25,abs-03,2,2024,0,"Bäck, A., Muhos, M., & Virkkala, P.",https://doi.org/10.1504/IJIL.2024.139674,,,,,,,1,,1,,,,,b ck a muhos m virkkala p innovation in microenterprises in the 21st century,"Scopus, WoS","Bäck, A., Muhos, M., & Virkkala, P. (2024). Innovation in microenterprises in the 21st century: A systematic literature review. International Journal of Innovation and Learning, 36(1), 72–97. https://doi.org/10.1504/IJIL.2024.139674",docx-import,1,manual-import,import-docx,import-docx,1,
abs-03#26,abs-03,2,2024,0,"Zafri, K. Z., Lertatthakornkit, T., Photchanachan, S., Zhu, T., & Wider, W.",https://doi.org/10.32479/ijefi.16351,,,C,2022,,1,1,,,,,,,zafri k z lertatthakornkit t photchanachan s zhu t wider w weathering the inflationary,"ABDC 2022: C, Scopus, EconLit","Zafri, K. Z., Lertatthakornkit, T., Photchanachan, S., Zhu, T., & Wider, W. (2024). Weathering the Inflationary Storm 2021-2022: Crisis Management Modalities for the Informal Microenterprise Sector. International Journal of Economics and Financial Issues, 14(5), Article 5. https://doi.org/10.32479/ijefi.16351",docx-import,1,manual-import,import-docx,import-docx,1,
abs-03#27,abs-03,2,2024,0,"Jiang, H.",https://doi.org/10.37332/2309-1533.2024.2.16,,,,,,,,,,,,,,jiang h research on the transformation process of enterprise management in the conditions of,,"Jiang, H. (2024). RESEARCH ON THE TRANSFORMATION PROCESS OF ENTERPRISE MANAGEMENT IN THE CONDITIONS OF DIGITAL ECONOMY. ІННОВАЦІЙНА ЕКОНОМІКА, 2–2024, 128–134. https://doi.org/10.37332/2309-1533.2024.2.16",docx-import,1,manual-import,import-docx,import-docx,1,
abs-03#28,abs-03,2,2023,0,"Suriana, I., & Bagiada, I. M.",https://doi.org/10.18860/mec-j.v7i3.23873,,,,,,,,,,,,,,suriana i bagiada i m the effect of capital operating hours and location access,,"Suriana, I., & Bagiada, I. M. (2023). The Effect of Capital, Operating Hours, and Location Access in Increasing Merchants’ Income at Legian Beach. MEC-J (Management and Economics Journal), 7(3), Article 3. https://doi.org/10.18860/mec-j.v7i3.23873",docx-import,1,manual-import,import-docx,import-docx,1,
abs-02#29,abs-02,2,2025,0,"Yue, L., Yu, L., & Char Fei, T. H.",https://doi.org/10.6007/IJAREMS/v14-i1/24500,,,,,,,,,,,,,,yue l yu l char fei t h the innovation beat global rhythms and,,"Yue, L., Yu, L., & Char Fei, T. H. (2025). The Innovation Beat: Global Rhythms and Pulse Points. International Journal of Academic Research in Economics and Management Sciences, 14(1), Pages 118-129. https://doi.org/10.6007/IJAREMS/v14-i1/24500",docx-import,1,manual-import,import-docx,import-docx,1,
abs-02#30,abs-02,2,2025,0,"Lams, L., Zhang, R., & Lupano, E.",,,,,,,,,,,,,,,lams l zhang r lupano e meaning generation in chinese official media discourse taylor,,"Lams, L., Zhang, R., & Lupano, E. (2025). Meaning Generation in Chinese Official Media Discourse. Taylor & Francis.",docx-import,1,manual-import,import-docx,import-docx,1,
abs-02#31,abs-02,2,2025,0,"Asker, A., & Çiçek, A.",https://doi.org/10.16985/mtad.1611609,,,,,,,,,,,,,,asker a i ek a t rk devletleri te kilat i in stratejik kamu,,"Asker, A., & Çiçek, A. (2025). Türk Devletleri Teşkilatı için Stratejik Kamu Diplomasisi Önerisi. Marmara Türkiyat Araştırmaları Dergisi, 12(Türk Devletleri Teşkilatı), 65–95. https://doi.org/10.16985/mtad.1611609",docx-import,1,manual-import,import-docx,import-docx,1,
abs-02#32,abs-02,2,2025,0,"Oramah, B. O., & Kale, O.",https://doi.org/10.4324/9781003587323,,,,,,,,,,,,,,oramah b o kale o trade and investment in africa a research companion 1st,,"Oramah, B. O., & Kale, O. (2025). Trade and Investment in Africa: A Research Companion (1st edn). Routledge. https://doi.org/10.4324/9781003587323",docx-import,1,manual-import,import-docx,import-docx,1,
abs-02#33,abs-02,2,2025,0,"Đalić, I., Đalić, N., & Erceg, Ž.",https://www.ekonbiz.ues.rs.ba/ojs/index.php?journal=ekonbiz&page=article&op=view&path%5B%5D=345,,,,,,,,,,,,,,ali i ali n erceg from globalization to multipolarity trend or necessity proceedings ekonbiz,,"Đalić, I., Đalić, N., & Erceg, Ž. (2025). FROM GLOBALIZATION TO MULTIPOLARITY: TREND OR NECESSITY? Proceedings EKONBIZ, 25. https://www.ekonbiz.ues.rs.ba/ojs/index.php?journal=ekonbiz&page=article&op=view&path%5B%5D=345",docx-import,1,manual-import,import-docx,import-docx,1,
abs-02#34,abs-02,2,2025,0,"Alden, C., & Schoeman, M.",https://doi.org/10.1080/10220461.2025.2503212,,,,,,,1,,1,1.1,2024,,,alden c schoeman m being africa s bric s south africa s foreign policy,"Scopus, WoS (Impact Factor 2024: 1.1)","Alden, C., & Schoeman, M. (2025). Being Africa’s BRIC(S): South Africa’s foreign policy turn from ‘Neo-Liberalism’ to the ‘New Era’. South African Journal of International Affairs, 32(1–2), 71–90. https://doi.org/10.1080/10220461.2025.2503212",docx-import,1,manual-import,import-docx,import-docx,1,
abs-02#35,abs-02,2,2025,0,"Joseph, J.",https://doi.org/10.4018/979-8-3373-2342-8.ch016,,,,,,,,,,,,,,joseph j role of brics in the international relations of the 21st century a,,"Joseph, J. (2025). Role of BRICS in the International Relations of the 21st Century: A Critical Analysis Through the Lens of Multipolarity. In M. S. Özel Özcan (Ed.), Shifting Power Dynamics in International Relations (pp. 371–398). IGI Global Scientific Publishing. https://doi.org/10.4018/979-8-3373-2342-8.ch016",docx-import,1,manual-import,import-docx,import-docx,1,
abs-02#36,abs-02,2,2025,0,"Chawla, I.",https://doi.org/10.1163/15700615-02403005,,,,,,,,,,,,,,chawla i tracing global value chains in the rcep domain participation position and asymmetric,,"Chawla, I. (2025). Tracing Global Value Chains in the RCEP Domain: Participation, Position and Asymmetric Value Capture. European Journal of East Asian Studies, 24(3), 285–319. https://doi.org/10.1163/15700615-02403005",docx-import,1,manual-import,import-docx,import-docx,1,
abs-02#37,abs-02,2,2025,0,"Andrew, A., Aminnatus Shalihah, A., Muliyasari Kusno, E., Dika Ardiana, M., Putr",https://doi.org/10.59141/comserva.v5i2.3181,,,,,,,,,,,,,,andrew a aminnatus shalihah a muliyasari kusno e dika ardiana m putri handayani n,,"Andrew, A., Aminnatus Shalihah, A., Muliyasari Kusno, E., Dika Ardiana, M., Putri Handayani, N., & Megawati, V. (2025). Dampak Tarif Donald Trump Terhadap Perekonomian Indonesia. COMSERVA : Jurnal Penelitian Dan Pengabdian Masyarakat, 5(2), 831–848. https://doi.org/10.59141/comserva.v5i2.3181",docx-import,1,manual-import,import-docx,import-docx,1,
abs-02#38,abs-02,2,2025,0,"Łukasiewicz, J., Bajan, B., & Pawlak, K.",https://doi.org/10.1371/journal.pone.0328866,,,,,,,1,,1,2.6,2024,,,ukasiewicz j bajan b pawlak k towards greater integration prospects for the development of,"Scopus, WoS (Impact Factor 2024: 2.6)","Łukasiewicz, J., Bajan, B., & Pawlak, K. (2025). Towards greater integration: Prospects for the development of agri-food trade between the EU and RCEP countries. PLOS ONE, 20(7), e0328866. https://doi.org/10.1371/journal.pone.0328866",docx-import,1,manual-import,import-docx,import-docx,1,
abs-02#39,abs-02,2,2025,0,"Singh, N., Gupta, J. K., Kumar, S., Roy, A., & Upadhyay, A.",https://doi.org/10.4018/979-8-3373-1727-4.ch013,,,,,,,1,,,,,,,singh n gupta j k kumar s roy a upadhyay a the evolving role,Scopus,"Singh, N., Gupta, J. K., Kumar, S., Roy, A., & Upadhyay, A. (2025). The Evolving Role of International Organizations in the 21st Century: In K. Wongmahesak, T. Sriyakul, U. K. Ghosh, & I. S. Wekke (Eds), Technology, Geopolitics, and the Transformation of International Political Economy (pp. 303–332). IGI Global Scientific Publishing. https://doi.org/10.4018/979-8-3373-1727-4.ch013",docx-import,1,manual-import,import-docx,import-docx,1,
abs-02#40,abs-02,2,2025,0,"Ramjit, D.-M.",https://doi.org/10.30560/les.v1n1p82,,,,,,,,,,,,,,ramjit d m bipolarity in flux international political economy in contemporary times law economics,,"Ramjit, D.-M. (2025). Bipolarity in Flux: International Political Economy in Contemporary Times. Law, Economics and Society, 1(1), Article 1. https://doi.org/10.30560/les.v1n1p82",docx-import,1,manual-import,import-docx,import-docx,1,
abs-02#41,abs-02,2,2024,0,"Petrakis, P. E., Kanzola, A.-M., & Lomis, I.",https://doi.org/10.3390/jrfm17080370,,,B,2022,,1,1,,,,,,,petrakis p e kanzola a m lomis i adapting to multipolarity insights from iterated,"ABDC 2022: B, Scopus, EconLit","Petrakis, P. E., Kanzola, A.-M., & Lomis, I. (2024). Adapting to Multipolarity: Insights from Iterated Game Theory Simulations—A Preliminary Study on Hypothetical Optimal Global Cooperation. Journal of Risk and Financial Management, 17(8), Article 8. https://doi.org/10.3390/jrfm17080370",docx-import,1,manual-import,import-docx,import-docx,1,
abs-02#42,abs-02,2,2024,0,"Langard, F., Girard, M. A., Vidosa, R., Jelinski, F. C., Langard, F., Girard, M.",https://doi.org/10.4067/S0718-27242024000300073,,,,,,,1,,,,,,,langard f girard m a vidosa r jelinski f c langard f girard m,Scopus,"Langard, F., Girard, M. A., Vidosa, R., Jelinski, F. C., Langard, F., Girard, M. A., Vidosa, R., & Jelinski, F. C. (2024). Oligopoly Strategies in Agricultural Innovation: Biotech and ICT Acquisitions. Journal of Technology Management &amp; Innovation, 19(3), 73–87. https://doi.org/10.4067/S0718-27242024000300073",docx-import,1,manual-import,import-docx,import-docx,1,
abs-02#43,abs-02,2,2024,0,"Klasen, A., Krummaker, S., Beck, J., & Pennington, J.",https://doi.org/10.1111/1758-5899.13417,,,,,,,1,,1,,,,,klasen a krummaker s beck j pennington j navigating geopolitical and trade megatrends public,"Scopus, WoS","Klasen, A., Krummaker, S., Beck, J., & Pennington, J. (2024). Navigating geopolitical and trade megatrends: Public export finance in a world of change. Global Policy, 15(5), 1007–1014. https://doi.org/10.1111/1758-5899.13417",docx-import,1,manual-import,import-docx,import-docx,1,
abs-02#44,abs-02,2,2024,0,"Zreik, M.",https://doi.org/10.35678/2539-5645.4(47).2024.7-21,,,,,,,,,,,,,,zreik m rcep implications and challenges for the european union in a changing global,,"Zreik, M. (2024). RCEP: IMPLICATIONS AND CHALLENGES FOR THE EUROPEAN UNION IN A CHANGING GLOBAL ECONOMY. The EUrASEANs: Journal on Global Socio-Economic Dynamics, 4(47), Article 4(47). https://doi.org/10.35678/2539-5645.4(47).2024.7-21",docx-import,1,manual-import,import-docx,import-docx,1,
abs-02#45,abs-02,2,2024,0,"Ullah, I., Tunio, F. H., & Younas, W.",https://doi.org/10.35484/ahss.2024(5-II)63,,,,,,,,,,,,,,ullah i tunio f h younas w income disparities in brics economies analyzing the,,"Ullah, I., Tunio, F. H., & Younas, W. (2024). Income Disparities in BRICS Economies: Analyzing the Role of Capital Account Liberalization and Foreign Bank Ownership. Annals of Human and Social Sciences, 5(2), Article 2. https://doi.org/10.35484/ahss.2024(5-II)63",docx-import,1,manual-import,import-docx,import-docx,1,
abs-02#46,abs-02,2,2024,0,"Gonzalez, C. D.",https://www.proquest.com/docview/3086893967/abstract/7CE7C47CDB094D4APQ/1,,,,,,,,,,,,,,gonzalez c d breathing a story of lifelong learners relationship to the changing world,,"Gonzalez, C. D. (2024). Breathing: A Story of Lifelong Learners’ Relationship to the Changing World [Ed.D., Pepperdine University]. In ProQuest Dissertations and Theses. https://www.proquest.com/docview/3086893967/abstract/7CE7C47CDB094D4APQ/1",docx-import,1,manual-import,import-docx,import-docx,1,
abs-02#47,abs-02,2,2024,0,"Koutroukis, T.",https://doi.org/10.3390/socsci13030171,,,,,,,1,,1,1.7,2023,,,koutroukis t european works councils their impact on the europeanization of industrial relations in,"Scopus, WoS (Impact Factor 2023: 1.7)","Koutroukis, T. (2024). European Works Councils: Their Impact on the Europeanization of Industrial Relations in an Era of Market Globalism. Social Sciences, 13(3), Article 3. https://doi.org/10.3390/socsci13030171",docx-import,1,manual-import,import-docx,import-docx,1,
abs-02#48,abs-02,2,2024,0,"Klasen, A., Krummaker, S., Jeffs, C., & Vassard, J.",,,,,,,,,,,,,,,klasen a krummaker s jeffs c vassard j navigating new trade horizons supporting exporters,,"Klasen, A., Krummaker, S., Jeffs, C., & Vassard, J. (2024). Navigating New Trade Horizons: Supporting Exporters in a World of Change. Centre for Banking Research at Bayes Business School.",docx-import,1,manual-import,import-docx,import-docx,1,
abs-02#49,abs-02,2,2023,0,"Lista, N. consta na.",https://repositorio.pucgoias.edu.br/jspui/handle/123456789/6724,,,,,,,,,,,,,,lista n consta na o acordo de livre com rcio entre mercosul e uni,,"Lista, N. consta na. (2023). O Acordo de Livre Comércio entre Mercosul e União Europeia pela Perspectiva da Teoria da Dependência [Master’s Thesis, Pontifícia Universidade Católica de Goiás]. https://repositorio.pucgoias.edu.br/jspui/handle/123456789/6724",docx-import,1,manual-import,import-docx,import-docx,1,
abs-02#50,abs-02,2,2023,0,"Mehar, M. A.",,,,,,,,,,,,,,,mehar m a digital divide credit financing and financial inclusion changing patterns of poverty,,"Mehar, M. A. (2023). Digital Divide, Credit Financing and Financial Inclusion: Changing Patterns of Poverty, Employment and Income Inequalities. Industrial Policy, 3(1), Article 1.",docx-import,1,manual-import,import-docx,import-docx,1,
abs-02#51,abs-02,2,2023,0,"Saaida, M.",,,,,,,,,,,,,,,saaida m the controversial relation between globalization and national sovereignty european journal of science,,"Saaida, M. (2023). The Controversial Relation between Globalization and National Sovereignty. European Journal of Science, Innovation and Technology, 3(5), Article 5.",docx-import,1,manual-import,import-docx,import-docx,1,
abs-02#52,abs-02,2,2023,0,"Rocha, O., Kamphambale, D., MacMahon, C., Coetzer, J.-H., & Morales, L.",https://doi.org/10.1080/10402659.2023.2270501,,,,,,,1,,1,0.1,2022,,,rocha o kamphambale d macmahon c coetzer j h morales l the power of,"Scopus, WoS (Impact Factor 2022: 0.1)","Rocha, O., Kamphambale, D., MacMahon, C., Coetzer, J.-H., & Morales, L. (2023). The Power of Education in a Globalised World: Challenging Geoeconomic Inequalities. Peace Review, 35(4), 708–723. https://doi.org/10.1080/10402659.2023.2270501",docx-import,1,manual-import,import-docx,import-docx,1,
abs-02#53,abs-02,2,2023,0,"Tuan, K. M., & Long, L. N.",https://doi.org/10.26668/businessreview/2023.v8i8.2572,,,,,,,,,,,,,,tuan k m long l n an analysis of the factors impacting transformational leadership,,"Tuan, K. M., & Long, L. N. (2023). An Analysis of the Factors Impacting Transformational Leadership Competencies: A Case Study of a Vietnamese Security Firm. International Journal of Professional Business Review, 8(8), e02572–e02572. https://doi.org/10.26668/businessreview/2023.v8i8.2572",docx-import,1,manual-import,import-docx,import-docx,1,
abs-02#54,abs-02,2,2022,0,"Rahmatullah, I., & Atikah, I.",https://doi.org/10.33087/wjh.v6i2.989,,,,,,,,,,,,,,rahmatullah i atikah i ilmu hukum berparadigma pancasila di era globalisasi sebuah tantangan liberalisasi,,"Rahmatullah, I., & Atikah, I. (2022). Ilmu Hukum Berparadigma Pancasila di Era Globalisasi: Sebuah Tantangan Liberalisasi Ekonomi dan Teknologi. Wajah Hukum, 6(2), Article 2. https://doi.org/10.33087/wjh.v6i2.989",docx-import,1,manual-import,import-docx,import-docx,1,
abs-02#55,abs-02,2,2022,0,"Pabón-Caicedo, J. D.",,,,,,,,1,,,,,,,pab n caicedo j d editorial cuadernos de geograf a revista colombiana de geograf,Scopus,"Pabón-Caicedo, J. D. (2022). Editorial. Cuadernos de Geografía: Revista Colombiana de Geografía, 31(1), Article 1.",docx-import,1,manual-import,import-docx,import-docx,1,
scopus-18#56,scopus-18,2,2025,0,"López, T. J., Grijalva, M. S. E., & Kubus, R.",,,,,,,,,,,,,,,l pez t j grijalva m s e kubus r transformando la sostenibilidad c,,"López, T. J., Grijalva, M. S. E., & Kubus, R. (2025). Transformando la sostenibilidad:¿ Cómo integran los principales grupos bancarios en España el enfoque de doble materialidad? RUE: Revista Universitaria Europea, 43, 199–248.",docx-import,1,manual-import,import-docx,import-docx,1,
scopus-18#57,scopus-18,2,2025,0,"Ортинська, Н.",https://doi.org/10.52058/2708-7530-2025-9(63)-1136-1144,,,,,,,,,,,,,,naukov perspektivi 9 63,,"Ортинська, Н. (2025). ВИБОРЧЕ ПРАВО В УМОВАХ ГЛОБАЛІЗАЦІЙНИХ ТРАНСФОРМАЦІЙ. Наукові Перспективи (Naukovì Perspektivi), 9(63). https://doi.org/10.52058/2708-7530-2025-9(63)-1136-1144",docx-import,1,manual-import,import-docx,import-docx,1,
scopus-17#58,scopus-17,2,2025,0,"Garan, Ö., & Güneş, İ.",https://doi.org/10.26650/JEPR1650031,,,,,,,,,1,,,,,garan g ne i reframing sdg 11 through the triple helix model rethinking urban,WoS,"Garan, Ö., & Güneş, İ. (2025). Reframing SDG 11 Through the Triple Helix Model: Rethinking Urban Sustainability and Institutional Synergy. İktisat Politikası Araştırmaları Dergisi, 12(2), 528–549. https://doi.org/10.26650/JEPR1650031",docx-import,1,manual-import,import-docx,import-docx,1,
scopus-17#59,scopus-17,2,2025,0,"Alamelh, A.",https://doi.org/10.1109/ACCESS.2025.3623066,,,,,,,1,,1,3.6,2024,,,alamelh a explain city explainable spatio temporal deep learning for urban resilience and risk,"Scopus, WoS (Impact Factor 2024: 3.6)","Alamelh, A. (2025). ExplAIn-City: Explainable Spatio-Temporal Deep Learning for Urban Resilience and Risk Governance. IEEE Access, 13, 181989–182004. https://doi.org/10.1109/ACCESS.2025.3623066",docx-import,1,manual-import,import-docx,import-docx,1,
scopus-16#60,scopus-16,2,2025,0,"Kumar, M. D., Pandey, D. S. K., & Sharma, D. N.",,,,,,,,,,,,,,,kumar m d pandey d s k sharma d n green and sustainable smart,,"Kumar, M. D., Pandey, D. S. K., & Sharma, D. N. (2025). Green and Sustainable Smart Cities: A Cross-Disciplinary Framework for Health, Technology, Law, and Business Development. Lex Localis - Journal of Local Self-Government, 23(S4), 810–825.",docx-import,1,manual-import,import-docx,import-docx,1,
scopus-16#61,scopus-16,2,2025,0,"Abid, I.",https://doi.org/10.1108/JEC-01-2025-0014,1,2021,C,2022,,,1,,1,2.5,2024,,,abid i dynamics of entrepreneurial activity in the gulf cooperation council countries the role,"ABS 2021: 1, ABDC 2022: C, Scopus, WoS (Impact Factor 2024: 2.5)","Abid, I. (2025). Dynamics of entrepreneurial activity in the Gulf Cooperation Council countries: The role of economic factors, global trade and digital infrastructure. Journal of Enterprising Communities: People and Places in the Global Economy. https://doi.org/10.1108/JEC-01-2025-0014",docx-import,1,manual-import,import-docx,import-docx,1,
scopus-15#62,scopus-15,2,2026,0,"Wang, Y.-X., Wang, R., Wang, Z.-X., Shen, Q., Liu, S., & Li, G.",https://doi.org/10.1039/D5QI01816A,,,,,,,,,1,6.4,2024,,,wang y x wang r wang z x shen q liu s li g,WoS (Impact Factor 2024: 6.4,"Wang, Y.-X., Wang, R., Wang, Z.-X., Shen, Q., Liu, S., & Li, G. (2026). Post-synthetic modification of MOF-808: Innovative strategies, structural and performance regulation. Inorganic Chemistry Frontiers, 10.1039.D5QI01816A. https://doi.org/10.1039/D5QI01816A",docx-import,1,manual-import,import-docx,import-docx,1,
scopus-15#63,scopus-15,2,2025,0,"Patiño-Cataño, C., Bolaños, R. I., Guzmán-Henao, J. A., Grisales-Noreña, L. F.,",https://doi.org/10.19139/soic-2310-5070-2812,,,,,,,,,,,,,,pati o cata o c bola os r i guzm n henao j a,,"Patiño-Cataño, C., Bolaños, R. I., Guzmán-Henao, J. A., Grisales-Noreña, L. F., & Montoya, O. D. (2025). Economic Dispatch of Thermal Generators via Bio-Inspired Optimization Techniques. Statistics, Optimization & Information Computing, 14(6), 3244–3266. https://doi.org/10.19139/soic-2310-5070-2812",docx-import,1,manual-import,import-docx,import-docx,1,
scopus-15#64,scopus-15,2,2025,0,"Polyanska, A., Sala, D., Psyuk, V., & Pazynich, Y.",https://doi.org/10.3390/en18205406,,,,,,,1,,1,3,2024,,,polyanska a sala d psyuk v pazynich y a multicriteria approach to the study,"Scopus, WoS (Impact Factor 2024: 3)","Polyanska, A., Sala, D., Psyuk, V., & Pazynich, Y. (2025). A Multicriteria Approach to the Study of the Energy Transition Results for EU Countries. Energies, 18(20), 5406. https://doi.org/10.3390/en18205406",docx-import,1,manual-import,import-docx,import-docx,1,
scopus-15#65,scopus-15,2,2025,0,"Nassary, E. K., Magubika, A. J., Mwampashi, L. L., Fukah, F. K., Kahangwa, C. A.",https://doi.org/10.1016/j.esr.2025.101909,,,,,,,1,,1,9.9,2024,,,nassary e k magubika a j mwampashi l l fukah f k kahangwa c,"Scopus, Wos (Impact Factor 2024: 9.9)","Nassary, E. K., Magubika, A. J., Mwampashi, L. L., Fukah, F. K., Kahangwa, C. A., & Tryphone, G. M. (2025). Transitioning to clean energy and opportunities for developing countries. Energy Strategy Reviews, 62, 101909. https://doi.org/10.1016/j.esr.2025.101909",docx-import,1,manual-import,import-docx,import-docx,1,
scopus-15#66,scopus-15,2,2025,0,"Farmaki, P.",https://doi.org/10.3390/su172210049,,,,,,,1,,1,3.3,2024,,,farmaki p from leisure to responsibility environmental awareness of domestic tourists in greece on,"Scopus, WoS (Impact Factor 2024: 3.3)","Farmaki, P. (2025). From Leisure to Responsibility: Environmental Awareness of Domestic Tourists in Greece on Climate, Water Resources, and Renewable Energy Use. Sustainability, 17(22), 10049. https://doi.org/10.3390/su172210049",docx-import,1,manual-import,import-docx,import-docx,1,
scopus-15#67,scopus-15,2,2025,0,"Al Khatib, I., Ali, A., Ndiaye, M., & Shaaban, M. F.",https://doi.org/10.1016/j.jpowsour.2025.238257,,,,,,,1,,1,7.9,2024,,,al khatib i ali a ndiaye m shaaban m f multi energy systems in,"Scopus, WoS (Impact Factor 2024: 7.9)","Al Khatib, I., Ali, A., Ndiaye, M., & Shaaban, M. F. (2025). Multi-energy systems in smart cities: Infrastructure and Optimization for sustainable energy. Journal of Power Sources, 658, 238257. https://doi.org/10.1016/j.jpowsour.2025.238257",docx-import,1,manual-import,import-docx,import-docx,1,
scopus-14#68,scopus-14,2,2025,0,"Khanna, I., Mehra, P., & Verma, S.",https://doi.org/10.1007/s43621-025-01513-1,,,,,,,1,,1,3.0,2024,,,khanna i mehra p verma s balancing economic growth and environmental sustainability in g,"Scopus, WoS (Impact Factor 2024: 3.0)","Khanna, I., Mehra, P., & Verma, S. (2025). Balancing economic growth and environmental sustainability in G-20 countries using green innovation. Discover Sustainability, 6(1), 669. https://doi.org/10.1007/s43621-025-01513-1",docx-import,1,manual-import,import-docx,import-docx,1,
scopus-14#69,scopus-14,2,2025,0,"Skoczkowski, T., Bielecki, S., Wołowicz, M., & Węglarz, A.",https://doi.org/10.3390/en18153932,,,,,,,1,,1,3,2024,,,skoczkowski t bielecki s wo owicz m w glarz a redefining energy management for,"Scopus, WoS (Impact Factor 2024: 3)","Skoczkowski, T., Bielecki, S., Wołowicz, M., & Węglarz, A. (2025). Redefining Energy Management for Carbon-Neutral Supply Chains in Energy-Intensive Industries: An EU Perspective. Energies, 18(15), 3932. https://doi.org/10.3390/en18153932",docx-import,1,manual-import,import-docx,import-docx,1,
scopus-14#70,scopus-14,2,2025,0,"Alka, T. A., Raman, R., & Suresh, M.",https://doi.org/10.3390/en18164373,,,,,,,1,,1,3,2024,,,alka t a raman r suresh m analyzing the causal relationships among socioeconomic factors,"Scopus, WoS (Impact Factor 2024: 3)","Alka, T. A., Raman, R., & Suresh, M. (2025). Analyzing the Causal Relationships Among Socioeconomic Factors Influencing Sustainable Energy Enterprises in India. Energies, 18(16), 4373. https://doi.org/10.3390/en18164373",docx-import,1,manual-import,import-docx,import-docx,1,
scopus-14#71,scopus-14,2,2024,0,"Karafakioğlu, E., & Karaaslan, N.",https://doi.org/10.4018/979-8-3693-8337-7.ch005,,,,,,,,,,,,,,karafakio lu e karaaslan n a bibliometric analysis of the relationship between sustainable development,,"Karafakioğlu, E., & Karaaslan, N. (2024). A Bibliometric Analysis of the Relationship Between Sustainable Development and Ecological Theory in Organizations: In C. Şeker, A. Kaya, & N. Bahçelerli (Eds.), Advances in Business Strategy and Competitive Advantage (pp. 81–108). IGI Global. https://doi.org/10.4018/979-8-3693-8337-7.ch005",docx-import,1,manual-import,import-docx,import-docx,1,
scopus-13#72,scopus-13,2,2025,0,"Aminullah, Lestari, S. R., Rohman, F., Listyorini, D., & Al-Muhdhar, M. H. I.",https://doi.org/10.18280/ijsdp.200714,,,,,,,1,,,,,,,aminullah lestari s r rohman f listyorini d al muhdhar m h i a,Scopus,"Aminullah, Lestari, S. R., Rohman, F., Listyorini, D., & Al-Muhdhar, M. H. I. (2025). A Biodiversity Literacy: A Systematic Literature Review of Conceptual Frameworks, Educational Strategies, and Policy Implications (2015-2025). International Journal of Design & Nature and Ecodynamics, 20(7), 1573–1584. https://doi.org/10.18280/ijsdp.200714",docx-import,1,manual-import,import-docx,import-docx,1,
scopus-12#73,scopus-12,2,2025,0,"Alka, T. A., Suresh, M., Rehman, A. U., & Muthuswamy, S.",https://doi.org/10.3390/su172410936,,,,,,,1,,1,3.889,2022,,,alka t a suresh m rehman a u muthuswamy s lean implementation in sustainable,"Scopus, WoS (Impact Factor 2022: 3.889)","Alka, T. A., Suresh, M., Rehman, A. U., & Muthuswamy, S. (2025). Lean Implementation in Sustainable Energy Entrepreneurship: Key Drivers for Operational Efficiency. Sustainability, 17(24), 10936. https://doi.org/10.3390/su172410936",docx-import,1,manual-import,import-docx,import-docx,1,
scopus-12#74,scopus-12,2,2025,0,"Yusnita, I., Kadim, A., Lesmana, R., Sutarman, A., Yu, C., & Millah, S.",https://doi.org/10.33050/sabda.v4i1.734,,,,,,,,,,,,,,yusnita i kadim a lesmana r sutarman a yu c millah s examining the,,"Yusnita, I., Kadim, A., Lesmana, R., Sutarman, A., Yu, C., & Millah, S. (2025). Examining the Interaction of Economic Business Strategies in the Context of Global Market Dynamics. Startupreneur Business Digital (SABDA Journal), 4(1), 93–103. https://doi.org/10.33050/sabda.v4i1.734",docx-import,1,manual-import,import-docx,import-docx,1,
scopus-12#75,scopus-12,2,2025,0,"Zaman, A. U.",https://doi.org/10.70818/pjbis.v02i03.090,,,,,,,,,,,,,,zaman a u green energy entrepreneurship emerging business models for decentralized renewable power in,,"Zaman, A. U. (2025). Green Energy Entrepreneurship: Emerging Business Models for Decentralized Renewable Power in Developing Economies. Pacific Journal of Business Innovation and Strategy, 2(3), 60–71. https://doi.org/10.70818/pjbis.v02i03.090",docx-import,1,manual-import,import-docx,import-docx,1,
scopus-12#76,scopus-12,2,2025,0,"Ivashko, O., Simakhova, A., Soliakov, V., & Choroszczak, J.",https://doi.org/10.3390/en18174750,,,,,,,1,,1,3,2024,,,ivashko o simakhova a soliakov v choroszczak j clustering eu member states by energy,"Scopus, WoS (Impact Factor 2024: 3)","Ivashko, O., Simakhova, A., Soliakov, V., & Choroszczak, J. (2025). Clustering EU Member States by Energy Security Level Using Kohonen Maps. Energies, 18(17), 4750. https://doi.org/10.3390/en18174750",docx-import,1,manual-import,import-docx,import-docx,1,
scopus-12#77,scopus-12,2,2024,0,"Kut, P., Pietrucha-Urbanik, K., & Kurek, P.",https://doi.org/10.3390/en17235986,,,,,,,1,,1,3,2024,,,kut p pietrucha urbanik k kurek p comprehensive analysis of failures in photovoltaic installations,"Scopus, WoS (Impact Factor 2024: 3)","Kut, P., Pietrucha-Urbanik, K., & Kurek, P. (2024). Comprehensive Analysis of Failures in Photovoltaic Installations—A Survey-Based Study. Energies, 17(23), Article 23. https://doi.org/10.3390/en17235986",docx-import,1,manual-import,import-docx,import-docx,1,
scopus-11#78,scopus-11,2,2025,0,"Essed, A., Iyiola, K., & Alzubi, A.",https://doi.org/10.3390/en18174512,,,,,,,1,,1,3,2024,,,essed a iyiola k alzubi a unpacking artificial intelligence s role in the energy,"Scopus, WoS (Impact Factor 2024: 3)","Essed, A., Iyiola, K., & Alzubi, A. (2025). Unpacking Artificial Intelligence’s Role in the Energy Transition: The Mediating and Moderating Roles of Knowledge Production and Financial Development. Energies, 18(17), 4512. https://doi.org/10.3390/en18174512",docx-import,1,manual-import,import-docx,import-docx,1,
scopus-10#79,scopus-10,2,2025,0,"Meng, S., Wu, X., & Wang, S.",https://doi.org/10.3390/systems13060443,,,,,,,1,,1,2.3,2024,,,meng s wu x wang s political connection heterogeneity and green technological innovation evidence,"Scopus, WoS (Impact Factor 2024: 2.3)","Meng, S., Wu, X., & Wang, S. (2025). Political Connection Heterogeneity and Green Technological Innovation: Evidence from Chinese Listed Companies. Systems, 13(6), 443. https://doi.org/10.3390/systems13060443",docx-import,1,manual-import,import-docx,import-docx,1,
scopus-10#80,scopus-10,2,2025,0,"Guo, M., Yan, M., Yan, X., & Li, Y.",https://doi.org/10.3390/systems13070604,,,,,,,1,,1,2.3,2024,,,guo m yan m yan x li y systemic configurations of functional talent for,"Scopus, WoS (Impact Factor 2024: 2.3)","Guo, M., Yan, M., Yan, X., & Li, Y. (2025). Systemic Configurations of Functional Talent for Green Technological Innovation: A Fuzzy-Set QCA Study. Systems, 13(7), 604. https://doi.org/10.3390/systems13070604",docx-import,1,manual-import,import-docx,import-docx,1,
scopus-10#81,scopus-10,2,2025,0,"Jellouli, I.",https://doi.org/10.32479/ijeep.20276,,,C,2022,,1,1,,,,,,,jellouli i esg crypto assets and environmental signals in the energy transition a quantile,"ABDC 2022: C, Scopus, EconLit","Jellouli, I. (2025). ESG Crypto-Assets and Environmental Signals in the Energy Transition: A Quantile-Frequency Perspective. International Journal of Energy Economics and Policy, 15(6), 475–494. https://doi.org/10.32479/ijeep.20276",docx-import,1,manual-import,import-docx,import-docx,1,
scopus-10#82,scopus-10,2,2024,0,"Kubus, R., Pérez Olaz, E., & López Domínguez, I.",,,,,,,,,,,,,,,kubus r p rez olaz e l pez dom nguez i el riesgo de,,"Kubus, R., Pérez Olaz, E., & López Domínguez, I. (2024). El riesgo de crédito en los principales bancos españoles en tiempos del Covid-19. RUE: Revista universitaria europea, 41, 167–198.",docx-import,1,manual-import,import-docx,import-docx,1,
scopus-09#83,scopus-09,2,2025,0,"Chatzistathis, T., Sarropoulou, V., Fragkos, A., Katsalirou, E., Daskalakis, I.,",https://doi.org/10.3390/environments12050160,,,,,,,1,,1,3.7,2024,,,chatzistathis t sarropoulou v fragkos a katsalirou e daskalakis i biniari k danalatos g,"Scopus, WoS (Impact Factor 2024: 3.7)","Chatzistathis, T., Sarropoulou, V., Fragkos, A., Katsalirou, E., Daskalakis, I., Biniari, K., Danalatos, G., & Bountla, A. (2025). The Kind of Fertilization and Type of Soil Tillage Affect Soil Fertility and Foliar Nutrient Concentrations in an Experimental Vineyard of Kefalonia. Environments, 12(5), 160. https://doi.org/10.3390/environments12050160",docx-import,1,manual-import,import-docx,import-docx,1,
scopus-09#84,scopus-09,2,2025,0,"Ninh, T. T. T., & Hue, T. T.",https://doi.org/10.1007/s43621-025-00931-5,,,,,,,,,,,,,,ninh t t t hue t t sustainable entrepreneurial ecosystems what are the main,,"Ninh, T. T. T., & Hue, T. T. (2025). Sustainable entrepreneurial ecosystems: What are the main schools of thought and topical trends? Discover Sustainability, 6(1), 115. https://doi.org/10.1007/s43621-025-00931-5",docx-import,1,manual-import,import-docx,import-docx,1,
scopus-09#85,scopus-09,2,2024,0,"王英杰, 黄蓉, 周椿雨, & 徐绍荣.",,,,,,,,,,,,,,,china brewing 43 11,,"王英杰, 黄蓉, 周椿雨, & 徐绍荣. (2024). 数字经济赋能烟台葡萄酒产业现代化的研究. China Brewing, 43(11).",docx-import,1,manual-import,import-docx,import-docx,1,
scopus-08#86,scopus-08,2,2025,0,"Maxamataminovich, M. M.",https://doi.org/10.17605/cajssh.v6i1.1164,,,,,,,,,,,,,,maxamataminovich m m status and functions of the international labour organization central asian journal,,"Maxamataminovich, M. M. (2025). Status and Functions of the International Labour Organization. Central Asian Journal of Social Sciences and History, 6(1), 22–29. https://doi.org/10.17605/cajssh.v6i1.1164",docx-import,1,manual-import,import-docx,import-docx,1,
scopus-08#87,scopus-08,2,2025,0,"García-Selva, A., Martín-del-Rio, B., & Ramos-López, J.",https://doi.org/10.3390/socsci14030181,,,,,,,1,,1,1.7,2024,,,garc a selva a mart n del rio b ramos l pez j revisiting,"Scopus, WoS (Impact Factor 2024: 1.7)","García-Selva, A., Martín-del-Rio, B., & Ramos-López, J. (2025). Revisiting Psychological Contract Measurement: Validation of the PSYCONES Questionnaire. Social Sciences, 14(3), 181. https://doi.org/10.3390/socsci14030181",docx-import,1,manual-import,import-docx,import-docx,1,
scopus-08#88,scopus-08,2,2025,0,"Panagiotidou, A., Chatzigeorgiou, C., Christou, E., & Roussakis, I.",https://doi.org/10.3390/soc15050138,,,,,,,1,,1,1.6,2024,,,panagiotidou a chatzigeorgiou c christou e roussakis i human resource management in industry 4,"Scopus, WoS (Impact Factor 2024: 3.0)","Panagiotidou, A., Chatzigeorgiou, C., Christou, E., & Roussakis, I. (2025). Human Resource Management in Industry 4.0 Era: The Influence of Resilience and Self-Efficacy on the Relationship Between Emotional Intelligence and Formative Assessment: A Study of Public Primary Educational Organizations. Societies, 15(5), 138. https://doi.org/10.3390/soc15050138",docx-import,1,manual-import,import-docx,import-docx,1,
scopus-08#89,scopus-08,2,2025,0,"Lalioti, V.",https://doi.org/10.3390/soc15060170,,,,,,,1,,1,1.6,2024,,,lalioti v berry a qualitative approach to self employment and social protection the greek,"Scopus, WoS (Impact Factor 2024: 3.0)","Lalioti, V. (Berry). (2025). A Qualitative Approach to Self-Employment and Social Protection: The Greek Case Within a Transforming World of Work and an Emerging Policy Paradigm. Societies, 15(6), 170. https://doi.org/10.3390/soc15060170",docx-import,1,manual-import,import-docx,import-docx,1,
scopus-08#90,scopus-08,2,2025,0,"Wood, F., & Hattingh, M.",https://doi.org/10.1007/978-981-96-3936-6_36,,,,,,,1,,,,,,,wood f hattingh m exploring the socio economic implications gig workers face within platform,Scopus,"Wood, F., & Hattingh, M. (2025). Exploring the Socio-Economic Implications Gig Workers Face Within Platform-Based Employment Models. In B. Shukla, M. Jaiswal, N. Hasteer, R. Sindhwani, & S. Khorana (Eds), Intelligent IT Solutions to Promote Indigenous Innovations (Vol. 1386, pp. 443–453). Springer Nature Singapore. https://doi.org/10.1007/978-981-96-3936-6_36",docx-import,1,manual-import,import-docx,import-docx,1,
scopus-08#91,scopus-08,2,2025,0,"Абакумов, Д.",https://doi.org/10.52058/3041-1254-2025-6(16)-296-307,,,,,,,,,,,,,,6 16,,"Абакумов, Д. (2025). СТРАТЕГІЇ АДАПТАЦІЇ ПРОМИСЛОВИХ ПІДПРИЄМСТВ ДО ЗМІНЕНОГО РИНКОВОГО СЕРЕДОВИЩА ПІСЛЯВОЄННОГО ПЕРІОДУ. Успіхи і Досягнення у Науці, 6(16). https://doi.org/10.52058/3041-1254-2025-6(16)-296-307",docx-import,1,manual-import,import-docx,import-docx,1,
scopus-08#92,scopus-08,2,2025,0,"Vaníček, B., Fišera, T., Černohorská, L., Kythreotis, A., Christofi, K., & Di, Z",https://doi.org/10.1177/10704965251366941,,,B,2022,,1,1,,1,2.0,2024,,,van ek b fi era t ernohorsk l kythreotis a christofi k di z,"ABDC 2022: B, Scopus, WoS (Impact Factor 2024: 2.0, EconLit","Vaníček, B., Fišera, T., Černohorská, L., Kythreotis, A., Christofi, K., & Di, Z. (2025). Turning Point 2020: Has the European Green Deal Boosted Sustainable Competitiveness in Times of Crisis? The Journal of Environment & Development, 34(4), 1073–1096. https://doi.org/10.1177/10704965251366941",docx-import,1,manual-import,import-docx,import-docx,1,
scopus-08#93,scopus-08,2,2025,0,"Pylypjuk, C.",https://dspace.cuni.cz/handle/20.500.11956/196737,,,,,,,,,,,,,,pylypjuk c prediktory pracovn ho vyho en a anga ovanosti studie na vzorku esk,,"Pylypjuk, C. (2025). Prediktory pracovního vyhoření a angažovanosti: Studie na vzorku české populace v soukromém pracovním sektoru. https://dspace.cuni.cz/handle/20.500.11956/196737",docx-import,1,manual-import,import-docx,import-docx,1,
scopus-08#94,scopus-08,2,2024,0,"Miglani, M., & Singh Chahal, B. P.",https://doi.org/10.1108/978-1-83608-582-920241013,,,,,,,,,,,,,,miglani m singh chahal b p workers compensation in the remote work era proactive,,"Miglani, M., & Singh Chahal, B. P. (2024). Workers’ Compensation in the Remote Work Era: Proactive Risk Management Through HR Policies and Data Alchemy Practices. In S. Taneja, P. Kumar, Reepu, M. Kukreti, & E. Özen (Eds.), Data Alchemy in the Insurance Industry (pp. 65–76). Emerald Publishing Limited. https://doi.org/10.1108/978-1-83608-582-920241013",docx-import,1,manual-import,import-docx,import-docx,1,
scopus-08#95,scopus-08,2,2023,0,"Ilahi, D. S., Kirange, D. S. D., Tiwari, D. A., Alfurhood, B. S., & Mane, A.",https://doi.org/10.53555/jaz.v44iS2.2204,,,,,,,,,,,,,,ilahi d s kirange d s d tiwari d a alfurhood b s mane,,"Ilahi, D. S., Kirange, D. S. D., Tiwari, D. A., Alfurhood, B. S., & Mane, A. (2023). Emerging Technologies and Management Practices: Navigating the Convergence of Computer Science and Organizational Management. Journal of Advanced Zoology, 44(S2), Article S2. https://doi.org/10.53555/jaz.v44iS2.2204",docx-import,1,manual-import,import-docx,import-docx,1,
scopus-08#96,scopus-08,2,2023,0,"Sparks, C. R.",http://hdl.handle.net/11660/12672,,,,,,,,,,,,,,sparks c r may the fourth be with you how will the fourth industrial,,"Sparks, C. R. (2023). “May the fourth be with you”: How will the fourth industrial revolution impact South Africa’s labour force? [UNIVERSITY OF THE FREE STATE]. http://hdl.handle.net/11660/12672",docx-import,1,manual-import,import-docx,import-docx,1,
scopus-08#97,scopus-08,2,2023,0,Алексеева,https://www.elibrary.ru/item.asp?id=54502671,,,,,,,,,,,,,,retrieved december 21 2024 from,,"Алексеева (Строгонова), Е. В., Бехер, В. В., Верезубова, Т. А., Воюцкая, И. В., Гельруд, Я. Д., Голованов, Е. Б., Горбунова, В. Б., Давиденко, Л. М., Данилова (Трегубова), И. В., Дегтеренко, А. Н., Дмитриева, Ю. В., Довбий, И. П., Домнина, О. Л., Ежелый, С. М., Заколюкина, Е. С., Заугарова (Леонтьева), Е. В., Зотиков, Н. З., Иваньковский, С. Л., Ионова, Н. В., … Колмакова, И. Д. (2023). Проблемы Экономической Безопасности: Вызовы Новой Реальности. Южно-Уральский государственный университет (национальный исследовательский университет). Retrieved December 21, 2024, from https://www.elibrary.ru/i",docx-import,1,manual-import,import-docx,import-docx,1,
scopus-08#98,scopus-08,2,2023,0,"Koshkinbayeva, N., Shagataeva, Z., Utepova, A., Taukebayeva, K., & Kurmantayeva,",,,,,,,,1,,,,,,,koshkinbayeva n shagataeva z utepova a taukebayeva k kurmantayeva s exploring pre service visual,Scopus,"Koshkinbayeva, N., Shagataeva, Z., Utepova, A., Taukebayeva, K., & Kurmantayeva, S. (2023). Exploring Pre-service Visual Art Teachers’ Competitiveness through Porter’s Five Forces Model. Journal of Education and E-Learning Research, 10(3), 389–396.",docx-import,1,manual-import,import-docx,import-docx,1,
scopus-08#99,scopus-08,2,2024,0,"Sohaee, N., Azadjoutabari, F., Jadhav, A., & Kulkarni, K.",https://doi.org/10.1007/978-981-97-0996-0_22,,,,,,,,,,,,,,sohaee n azadjoutabari f jadhav a kulkarni k navigating pandemic and ai influences on,,"Sohaee, N., Azadjoutabari, F., Jadhav, A., & Kulkarni, K. (2024). Navigating Pandemic and AI Influences on Employability Competencies. In S. Kot, B. Khalid, & A. ul Haque (Eds.), Corporate Practices: Policies, Methodologies, and Insights in Organizational Management (pp. 369–391). Springer Nature. https://doi.org/10.1007/978-981-97-0996-0_22",docx-import,1,manual-import,import-docx,import-docx,1,
scopus-08#100,scopus-08,2,2024,0,"Wang, G., Niu, Y., Mansor, Z. D., Leong, Y. C., & Yan, Z.",https://doi.org/10.1016/j.heliyon.2024.e25583,,,,,,,1,,1,3.4,2023,,,wang g niu y mansor z d leong y c yan z unlocking digital,"Scopus, WoS (Impact Factor 2023: 3.4)","Wang, G., Niu, Y., Mansor, Z. D., Leong, Y. C., & Yan, Z. (2024). Unlocking digital potential: Exploring the drivers of employee dynamic capability on employee digital performance in Chinese SMEs-moderation effect of competitive climate. Heliyon, 10(4). https://doi.org/10.1016/j.heliyon.2024.e25583",docx-import,1,manual-import,import-docx,import-docx,1,
scopus-08#101,scopus-08,2,2024,0,"Vashchenko, K., Kokhan, N., Zytsyk, S., & Shevchenko, I.",https://doi.org/10.31893/multirev.2024spe040,,,,,,,,,,,,,,vashchenko k kokhan n zytsyk s shevchenko i impact of war on labour relations,,"Vashchenko, K., Kokhan, N., Zytsyk, S., & Shevchenko, I. (2024). Impact of war on labour relations: Impact on civil and labour law enforcement, compensation, annual leave and accountability. Multidisciplinary Reviews, 7, 2024spe040-2024spe040. https://doi.org/10.31893/multirev.2024spe040",docx-import,1,manual-import,import-docx,import-docx,1,
scopus-08#102,scopus-08,2,2023,0,"Vashchenko, K., Kokhan, N., & Zytsyk, S.",https://doi.org/10.55908/sdgs.v11i11.2183,,,,,,,1,,,,,,,vashchenko k kokhan n zytsyk s war and labor relations impact on the enforcement,Scopus,"Vashchenko, K., Kokhan, N., & Zytsyk, S. (2023). War and Labor Relations: Impact on the Enforcement of Civil and Labor Law, Remuneration, Vacation Time and Liability. Journal of Law and Sustainable Development, 11(11), e2183. https://doi.org/10.55908/sdgs.v11i11.2183",docx-import,1,manual-import,import-docx,import-docx,1,
scopus-08#103,scopus-08,2,2023,0,"El-Warrak, L., Nunes, M., Luna, G., Barbosa, C. E., Lyra, A., Argôlo, M., Lima,",https://doi.org/10.3390/healthcare11243118,,,,,,,1,,1,2.8,2022,,,el warrak l nunes m luna g barbosa c e lyra a arg lo,"Scopus, WoS (Impact Factor 2022: 2.8)","El-Warrak, L., Nunes, M., Luna, G., Barbosa, C. E., Lyra, A., Argôlo, M., Lima, Y., Salazar, H., & de Souza, J. M. (2023). Towards the Future of Public Health: Roadmapping Trends and Scenarios in the Post-COVID Healthcare Era. Healthcare, 11(24), Article 24. https://doi.org/10.3390/healthcare11243118",docx-import,1,manual-import,import-docx,import-docx,1,
scopus-08#104,scopus-08,2,2023,0,"Byantara, R. A., Qamari, I. N., & Saad, M. S. M.",https://doi.org/10.26740/bisma.v15n2.p119–138,,,,,,,,,,,,,,byantara r a qamari i n saad m s m transformational leadership organisational climate,,"Byantara, R. A., Qamari, I. N., & Saad, M. S. M. (2023). Transformational leadership, organisational climate, and internal locus of control on innovative work behaviour in hospitality sector of rural area. BISMA (Bisnis Dan Manajemen), 15(2), Article 2. https://doi.org/10.26740/bisma.v15n2.p119–138",docx-import,1,manual-import,import-docx,import-docx,1,
scopus-08#105,scopus-08,2,2023,0,"Kaftan, V., Kandalov, W., Molodtsov, I., Sherstobitova, A., & Strielkowski, W.",https://doi.org/10.3390/su15042876,,,,,,,1,,1,3.889,2022,,,kaftan v kandalov w molodtsov i sherstobitova a strielkowski w socio economic stability and,"Scopus, WoS (Impact Factor 2022: 3.889)","Kaftan, V., Kandalov, W., Molodtsov, I., Sherstobitova, A., & Strielkowski, W. (2023). Socio-Economic Stability and Sustainable Development in the Post-COVID Era: Lessons for the Business and Economic Leaders. Sustainability, 15(4), Article 4. https://doi.org/10.3390/su15042876",docx-import,1,manual-import,import-docx,import-docx,1,
scopus-07#106,scopus-07,2,2023,0,"Balsas, C. J. L.",https://doi.org/10.6000/2817-2310.2023.02.15,,,,,,,,,,,,,,balsas c j l global sustainable commercial urbanism and culture global journal of cultural,,"Balsas, C. J. L. (2023). Global (Sustainable) Commercial Urbanism and Culture. Global Journal of Cultural Studies, 2, 196–204. https://doi.org/10.6000/2817-2310.2023.02.15",docx-import,1,manual-import,import-docx,import-docx,1,
scopus-06#107,scopus-06,2,2025,0,"Deepti, A. R., Manimekala, B., Basith, F., Vivek, K., & Rajamanickam, V.",https://doi.org/10.1108/978-1-83708-460-920251002,,,,,,,1,,,,,,,deepti a r manimekala b basith f vivek k rajamanickam v ethical ai in,Scopus,"Deepti, A. R., Manimekala, B., Basith, F., Vivek, K., & Rajamanickam, V. (2025). Ethical AI in HR: Navigating the Data-driven Frontier. In V. Jain, N. Gupta, A. K. Agarwal, G. Chetty, & R. Kannan (Eds), Innovate to Integrate: Data-driven Management and TechStrat Fusion Unveiled (p. 0). Emerald Publishing Limited. https://doi.org/10.1108/978-1-83708-460-920251002",docx-import,1,manual-import,import-docx,import-docx,1,
scopus-06#108,scopus-06,2,2025,0,"Ghosh, O., & Kumar, B.",https://doi.org/10.4018/979-8-3373-1355-9.ch004,,,,,,,1,,,,,,,ghosh o kumar b globalization security challenges and the evolving landscape for contemporary democracies,Scopus,"Ghosh, O., & Kumar, B. (2025). Globalization, Security Challenges, and the Evolving Landscape for Contemporary Democracies: In E. Alaverdov & G. Abuseridze (Eds), Globalization, Global Security, and New International Realities for Modern Democracies (pp. 61–90). IGI Global. https://doi.org/10.4018/979-8-3373-1355-9.ch004",docx-import,1,manual-import,import-docx,import-docx,1,
scopus-06#109,scopus-06,2,2024,0,"Nayak, S.",https://doi.org/10.47363/JAICC/2024(3)E173,,,,,,,,,,,,,,nayak s developing predictive models for financial stability integrating behavioral analytics into credit risk,,"Nayak, S. (2024). Developing Predictive Models for Financial Stability: Integrating Behavioral Analytics into Credit Risk Management. Journal of Artificial Intelligence & Cloud Computing, 3(5), 1–10. https://doi.org/10.47363/JAICC/2024(3)E173",docx-import,1,manual-import,import-docx,import-docx,1,
scopus-06#110,scopus-06,2,2024,0,"Ramos-Zaga, F.",https://doi.org/10.35319/puntocero.202448229,,,,,,,,,,,,,,ramos zaga f transformaci n digital en las instituciones de educaci n superior retos,,"Ramos-Zaga, F. (2024). Transformación digital en las Instituciones de Educación Superior: Retos, estrategias y perspectivas para el siglo XXI. Revista Punto Cero, 29(48), Article 48. https://doi.org/10.35319/puntocero.202448229",docx-import,1,manual-import,import-docx,import-docx,1,
scopus-06#111,scopus-06,2,2022,0,"Koltsaki, M., & Mavri, M.",https://doi.org/10.1089/3dp.2022.0167,,,,,,,,,1,5.355,2022,,,koltsaki m mavri m a comprehensive overview of additive manufacturing processes through a time,WoS (Impact Factor 2022: 5.355),"Koltsaki, M., & Mavri, M. (2022). A Comprehensive Overview of Additive Manufacturing Processes Through a Time-Based Classification Model. 3D Printing and Additive Manufacturing, 3dp.2022.0167. https://doi.org/10.1089/3dp.2022.0167",docx-import,1,manual-import,import-docx,import-docx,1,
scopus-05#112,scopus-05,2,2025,0,"Chun-Leung, J. L., & Mohd Roslan, M. N.",https://doi.org/10.22452/JAT.vol20no1.20,,,,,,,1,,1,,,,,chun leung j l mohd roslan m n contemplating media globalisation on world s,"Scopus, WoS","Chun-Leung, J. L., & Mohd Roslan, M. N. (2025). Contemplating Media Globalisation on World’s Issues: A Case of Malaysian Responses to the Tufan al-Aqsa’s Gaza Crisis. Journal of Al-Tamaddun, 20(1), 283–295. https://doi.org/10.22452/JAT.vol20no1.20",docx-import,1,manual-import,import-docx,import-docx,1,
scopus-05#113,scopus-05,2,2025,0,"Ghosh, O., & Kumar, B.",https://doi.org/10.4018/979-8-3373-1355-9.ch004,,,,,,,1,,,,,,,ghosh o kumar b globalization security challenges and the evolving landscape for contemporary democracies,Scopus,"Ghosh, O., & Kumar, B. (2025). Globalization, Security Challenges, and the Evolving Landscape for Contemporary Democracies: In E. Alaverdov & G. Abuseridze (Eds), Globalization, Global Security, and New International Realities for Modern Democracies (pp. 61–90). IGI Global. https://doi.org/10.4018/979-8-3373-1355-9.ch004",docx-import,1,manual-import,import-docx,import-docx,1,
scopus-05#114,scopus-05,2,2023,0,"Zhang, Y., Li, H., Xu, X., & Antwi, H. A.",https://www.frontiersin.org/articles/10.3389/fpubh.2023.1116092,,,,,,,1,,1,3.0,2023,,,zhang y li h xu x antwi h a on the momentum toward vaccine,"Scopus, WoS (Impact Factor 2023: 3.0)","Zhang, Y., Li, H., Xu, X., & Antwi, H. A. (2023). On the momentum toward vaccine self-sufficiency in the BRICS: An integrative review of the role of pharmaceutical entrepreneurship and innovation. Frontiers in Public Health, 11. https://www.frontiersin.org/articles/10.3389/fpubh.2023.1116092",docx-import,1,manual-import,import-docx,import-docx,1,
scopus-05#115,scopus-05,2,2023,0,"Han, D., & Wang, X.",https://doi.org/10.1016/j.chaos.2023.114106,,,,,,,,,,,,,,han d wang x vaccination strategies and virulent mutation spread a game theory study,,"Han, D., & Wang, X. (2023). Vaccination strategies and virulent mutation spread: A game theory study. Chaos, Solitons & Fractals, 176, 114106. https://doi.org/10.1016/j.chaos.2023.114106",docx-import,1,manual-import,import-docx,import-docx,1,
scopus-05#116,scopus-05,2,2023,0,"Sommer, U., & Rappel-Kroyzer, O.",https://doi.org/10.1016/j.polgeo.2023.102939,,,,,,,1,,1,3.620,2022,,,sommer u rappel kroyzer o geographical analysis of political epidemiology spatial quantification of simultaneity,"Scopus, WoS (Impact Factor 2022: 3.620)","Sommer, U., & Rappel-Kroyzer, O. (2023). Geographical analysis of political epidemiology: Spatial quantification of simultaneity between politics and pandemics. Political Geography, 106, 102939. https://doi.org/10.1016/j.polgeo.2023.102939",docx-import,1,manual-import,import-docx,import-docx,1,
scopus-05#117,scopus-05,2,2022,0,"Gulbrandsen, K. S.",https://doi.org/10.1080/21622671.2022.2062440,,,,,,,1,,1,3.025,2022,,,gulbrandsen k s centre periphery contestation and the spatialization of covid 19 discourse in,"Scopus, WoS (Impact Factor 2022: 3.025)","Gulbrandsen, K. S. (2022). Centre–periphery contestation and the spatialization of Covid-19 discourse in Norway. Territory, Politics, Governance, 10(6), 759–778. https://doi.org/10.1080/21622671.2022.2062440",docx-import,1,manual-import,import-docx,import-docx,1,
scopus-05#118,scopus-05,2,2022,0,"Inverardi-Ferri, C., & Brown, T.",https://doi.org/10.1080/21622671.2022.2129469,,,,,,,1,,1,3.025,2022,,,inverardi ferri c brown t territories politics and governance of the covid 19 pandemic,"Scopus, WoS (Impact Factor 2022: 3.025)","Inverardi-Ferri, C., & Brown, T. (2022). Territories, politics and governance of the Covid-19 pandemic. Territory, Politics, Governance, 10(6), 751–758. https://doi.org/10.1080/21622671.2022.2129469",docx-import,1,manual-import,import-docx,import-docx,1,
scopus-05#119,scopus-05,2,2022,0,"Milian, E. E.",http://repositorio.utfpr.edu.br:8080/jspui/handle/1/30295,,,,,,,,,,,,,,milian e e avalia o de pol ticas p blicas de habita o estudo,,"Milian, E. E. (2022). Avaliação de políticas públicas de habitação: Estudo comparativo Brasil e Portugal [MasterThesis, Universidade Tecnológica Federal do Paraná]. http://repositorio.utfpr.edu.br:8080/jspui/handle/1/30295",docx-import,1,manual-import,import-docx,import-docx,1,
scopus-05#120,scopus-05,2,2021,0,"Bailey, D., Crescenzi, R., Roller, E., Anguelovski, I., Datta, A., & Harrison, J",https://doi.org/10.1080/00343404.2021.2003768,4,2021,A*,2022,,1,1,,1,4.595,2022,,,bailey d crescenzi r roller e anguelovski i datta a harrison j regions in,"ABS 2021: 4, ABDC 2022: A*, Scopus, WoS (Impact Factor 2022: 4.595), EconLit","Bailey, D., Crescenzi, R., Roller, E., Anguelovski, I., Datta, A., & Harrison, J. (2021). Regions in Covid-19 recovery. Regional Studies, 55(12), 1955–1965. https://doi.org/10.1080/00343404.2021.2003768",docx-import,1,manual-import,import-docx,import-docx,1,
scopus-04#121,scopus-04,2,2025,0,"Dimitrakopoulos, P., & Masouras, A.",https://doi.org/10.4018/979-8-3373-5302-9.ch002,,,,,,,,,,,,,,dimitrakopoulos p masouras a macroeconomic approaches to energy efficiency the case of indicative eu,,"Dimitrakopoulos, P., & Masouras, A. (2025). Macroeconomic Approaches to Energy Efficiency: The Case of Indicative EU Member States. In P. Dimitrakopoulos, D. Salampasis, I. Makris, & S. Apostolopoulos (Eds), Economic, Social, and Environmental Insights on Energy Transition (pp. 33–64). IGI Global Scientific Publishing. https://doi.org/10.4018/979-8-3373-5302-9.ch002",docx-import,1,manual-import,import-docx,import-docx,1,
scopus-04#122,scopus-04,2,2026,0,"Jesse, B.-J., Kramer, G. J., Rhoden, I., & Koning, V.",https://doi.org/10.1016/j.ijhydene.2025.152695,,,,,,,1,,1,8.3,2024,,,jesse b j kramer g j rhoden i koning v exploring the scale up,"Scopus, WoS (Impact Factor 2024: 8.3)","Jesse, B.-J., Kramer, G. J., Rhoden, I., & Koning, V. (2026). Exploring the scale-up of a green hydrogen industry: An agent-based modeling approach. International Journal of Hydrogen Energy, 198, 152695. https://doi.org/10.1016/j.ijhydene.2025.152695",docx-import,1,manual-import,import-docx,import-docx,1,
scopus-04#123,scopus-04,2,2026,0,"Pantazis, K., & Busch, H.",https://doi.org/10.1016/j.eist.2025.101055,,,,,,,1,,1,,,,,pantazis k busch h energising the polis analysing transition challenges to energy communities in,"Scopus, WoS","Pantazis, K., & Busch, H. (2026). Energising the Polis? Analysing transition challenges to energy communities in Greece. Environmental Innovation and Societal Transitions, 58, 101055. https://doi.org/10.1016/j.eist.2025.101055",docx-import,1,manual-import,import-docx,import-docx,1,
scopus-04#124,scopus-04,2,2024,0,"Cardoso, F. G.",https://repositorio.ufu.br/handle/123456789/44371,,,,,,,,,,,,,,cardoso f g impactos do mercado livre de energia el trica no brasil nas,,"Cardoso, F. G. (2024). Impactos do mercado livre de energia elétrica no Brasil nas tarifas regionais do mercado cativo: Uma análise de relações entre variáveis. [Master thesis, Universidade Federal de Uberlândia]. https://repositorio.ufu.br/handle/123456789/44371",docx-import,1,manual-import,import-docx,import-docx,1,
scopus-04#125,scopus-04,2,2024,0,"Ghazali, F., Shukor, S. F. A., & Ismon, N. Y.",https://doi.org/10.4018/979-8-3693-0390-0.ch004,,,,,,,1,,,,,,,ghazali f shukor s f a ismon n y energy transition toward a low,Scopus,"Ghazali, F., Shukor, S. F. A., & Ismon, N. Y. (2024). Energy Transition Toward a Low-Carbon Economy in Malaysia: Do We Need a Liberalizing Electricity Market? In Regulating Fair Competition Toward Sustainable Development Goals (pp. 80–99). IGI Global. https://doi.org/10.4018/979-8-3693-0390-0.ch004",docx-import,1,manual-import,import-docx,import-docx,1,
scopus-04#126,scopus-04,2,2024,0,"Ramčilović Jesih, A., Šimić, G., Konatar, L., Brljak, Z., & Šprajc, P.",https://doi.org/10.1186/s13705-024-00456-1,,,,,,,1,,1,4.6,2023,,,ram ilovi jesih a imi g konatar l brljak z prajc p energy efficiency,"Scopus, WoS (Impact Factor 2023: 4.6)","Ramčilović Jesih, A., Šimić, G., Konatar, L., Brljak, Z., & Šprajc, P. (2024). Energy efficiency as a driver of the circular economy and carbon neutrality in selected countries of Southern Europe: A soft computing approach. Energy, Sustainability and Society, 14(1), 22. https://doi.org/10.1186/s13705-024-00456-1",docx-import,1,manual-import,import-docx,import-docx,1,
scopus-04#127,scopus-04,2,2023,0,"Krstevski, S., Fatahi Valilai, O., & Wicaksono, H.",https://doi.org/10.1145/3587889.3587905,,,,,,,1,,,,,,,krstevski s fatahi valilai o wicaksono h integrating real time dynamic electricity price forecast,Scopus,"Krstevski, S., Fatahi Valilai, O., & Wicaksono, H. (2023). Integrating Real-Time Dynamic Electricity Price Forecast into Job Shop Production Scheduling Model with Multiple Machine Environments. Proceedings of the 2023 10th International Conference on Industrial Engineering and Applications, 98–106. https://doi.org/10.1145/3587889.3587905",docx-import,1,manual-import,import-docx,import-docx,1,
scopus-04#128,scopus-04,2,2023,0,"Burin, H. P., Fogliatto, F. S., & Hsuan, J.",https://doi.org/10.1016/j.esd.2023.101289,,,,,,,1,,1,5.655,2022,,,burin h p fogliatto f s hsuan j the electricity market in brazil a,"Scopus, WoS (Impact Factor 2022: 5.655)","Burin, H. P., Fogliatto, F. S., & Hsuan, J. (2023). The electricity market in Brazil: A multilevel perspective of sector agents for liberalization to residential consumers. Energy for Sustainable Development, 76, 101289. https://doi.org/10.1016/j.esd.2023.101289",docx-import,1,manual-import,import-docx,import-docx,1,
scopus-04#129,scopus-04,2,2023,0,"Pavloudakis, F., Karlopoulos, E., & Roumpos, C.",https://doi.org/10.1016/j.exis.2023.101248,,,,,,,1,,,,,,,pavloudakis f karlopoulos e roumpos c just transition governance to avoid socio economic impacts,Scopus,"Pavloudakis, F., Karlopoulos, E., & Roumpos, C. (2023). Just transition governance to avoid socio-economic impacts of lignite phase-out: The case of Western Macedonia, Greece. The Extractive Industries and Society, 14, 101248. https://doi.org/10.1016/j.exis.2023.101248",docx-import,1,manual-import,import-docx,import-docx,1,
scopus-04#130,scopus-04,2,2023,0,"Traill, H., & Cumbers, A.",https://doi.org/10.1177/09697764221101740,3,2021,A,2022,,,1,,1,4.842,2022,,,traill h cumbers a the state of municipal energy transitions multi scalar constraints and,"ABS 2021: 3, ABDC 2022: A, Scopus, WoS (Impact Factor 2022: 4.842)","Traill, H., & Cumbers, A. (2023). The state of municipal energy transitions: Multi-scalar constraints and enablers of Europe’s post-carbon energy ambitions. European Urban and Regional Studies, 30(2), 93–106. https://doi.org/10.1177/09697764221101740",docx-import,1,manual-import,import-docx,import-docx,1,
scopus-04#131,scopus-04,2,2022,0,"Burin, H. P., Siluk, J. C. M., & Rosa, C. B.",https://doi.org/10.1016/j.esd.2022.08.012,,,,,,,1,,1,5.655,2022,,,burin h p siluk j c m rosa c b a model to measure,"Scopus, WoS (Impact Factor 2022: 5.655)","Burin, H. P., Siluk, J. C. M., & Rosa, C. B. (2022). A model to measure the migration potential of Brazilian consumers from the regulated market to the free energy market. Energy for Sustainable Development, 70, 403–414. https://doi.org/10.1016/j.esd.2022.08.012",docx-import,1,manual-import,import-docx,import-docx,1,
scopus-04#132,scopus-04,2,2022,0,"Ioannidis, F.",,,,,,,,,,,,,,,ioannidis f essays on the hellenic energy exchange master s thesis aristotle university of,,"Ioannidis, F. (2022). Essays on the Hellenic Energy Exchange [Master’s Thesis]. Aristotle University of Thessaloniki.",docx-import,1,manual-import,import-docx,import-docx,1,
scopus-04#133,scopus-04,2,2022,0,"Pantazis, K.",,,,,,,,,,,,,,,pantazis k shedding light on energy communities master s thesis lund university,,"Pantazis, K. (2022). Shedding light on Energy Communities [Master’s Thesis]. Lund University.",docx-import,1,manual-import,import-docx,import-docx,1,
scopus-04#134,scopus-04,2,2022,0,"Sassanelli, C., Arriga, T., Zanin, S., D’Adamo, I., & Terzi, S.",https://doi.org/10.32479/ijeep.13313,,,C,2022,,1,1,,,,,,,sassanelli c arriga t zanin s d adamo i terzi s industry 4 0,"ABDC 2022: C, Scopus, EconLit","Sassanelli, C., Arriga, T., Zanin, S., D’Adamo, I., & Terzi, S. (2022). Industry 4.0 Driven Result-oriented PSS: An Assessment in the Energy Management. International Journal of Energy Economics and Policy, 12(4), 186–203. https://doi.org/10.32479/ijeep.13313",docx-import,1,manual-import,import-docx,import-docx,1,
scopus-04#135,scopus-04,2,2021,0,"Biresselioglu, M. E., Limoncuoglu, S. A., Demir, M. H., Reichl, J., Burgstaller,",https://doi.org/10.3390/su132011212,,,,,,,1,,1,3.889,2022,,,biresselioglu m e limoncuoglu s a demir m h reichl j burgstaller k sciullo,"Scopus, WoS (Impact Factor 2022: 3.889)","Biresselioglu, M. E., Limoncuoglu, S. A., Demir, M. H., Reichl, J., Burgstaller, K., Sciullo, A., & Ferrero, E. (2021). Legal Provisions and Market Conditions for Energy Communities in Austria, Germany, Greece, Italy, Spain, and Turkey: A Comparative Assessment. Sustainability, 13(20), Article 20. https://doi.org/10.3390/su132011212",docx-import,1,manual-import,import-docx,import-docx,1,
scopus-04#136,scopus-04,2,2021,0,"Ioannidis, F., Kosmidou, K., Andriosopoulos, K., & Everkiadi, A.",https://doi.org/10.3390/en14196397,,,,,,,,,1,3.252,2022,,,ioannidis f kosmidou k andriosopoulos k everkiadi a assessment of the target model implementation,WoS (Impact Factor 2022: 3.252),"Ioannidis, F., Kosmidou, K., Andriosopoulos, K., & Everkiadi, A. (2021). Assessment of the Target Model Implementation in the Wholesale Electricity Market of Greece. Energies, 14(19), Article 19. https://doi.org/10.3390/en14196397",docx-import,1,manual-import,import-docx,import-docx,1,
scopus-03#137,scopus-03,2,2025,0,"Abbas, U., Akhai, S., Abbass, M., Abass, S., Chouksey, A., & Wadhwa, A. S.",https://doi.org/10.4018/979-8-3373-1767-0.ch002,,,,,,,1,,,,,,,abbas u akhai s abbass m abass s chouksey a wadhwa a s sustainable,Scopus,"Abbas, U., Akhai, S., Abbass, M., Abass, S., Chouksey, A., & Wadhwa, A. S. (2025). Sustainable Growth by Navigating Complexity Through Innovation and Adaptive Industrial Policies: In M. D. Tzouvelekas, G. Zarotiadis, & N. Varsakelis (Eds), Industrial Policy, Innovation, and Complexity (pp. 29–82). IGI Global Scientific Publishing. https://doi.org/10.4018/979-8-3373-1767-0.ch002",docx-import,1,manual-import,import-docx,import-docx,1,
scopus-02#138,scopus-02,2,2024,0,"Hädrich, T., Reher, L., & Thomä, J.",https://doi.org/10.1177/01600176241283898,,,B,2022,,1,,,,,,,,h drich t reher l thom j solving the puzzle an innovation mode perspective,"ABDC 2022: B, EconLit","Hädrich, T., Reher, L., & Thomä, J. (2024). Solving the Puzzle? An Innovation Mode Perspective on Lagging Regions. International Regional Science Review, 01600176241283898. https://doi.org/10.1177/01600176241283898",docx-import,1,manual-import,import-docx,import-docx,1,
scopus-02#139,scopus-02,2,2022,0,"Avarmaa, M., Torkkeli, L., Laidroo, L., & Koroleva, E.",https://doi.org/10.7341/20221843,,,,,,,,,1,,,,,avarmaa m torkkeli l laidroo l koroleva e the interplay of entrepreneurial ecosystem actors,WoS,"Avarmaa, M., Torkkeli, L., Laidroo, L., & Koroleva, E. (2022). The interplay of entrepreneurial ecosystem actors and conditions in FinTech ecosystems: An empirical analysis. Journal of Entrepreneurship, Management and Innovation, 18(4), Article 4. https://doi.org/10.7341/20221843",docx-import,1,manual-import,import-docx,import-docx,1,
scopus-02#140,scopus-02,2,2021,0,"Rymarczyk, J.",https://doi.org/10.15678/EBER.2021.090107,,,,,,1,1,,1,,,,,rymarczyk j the impact of industrial revolution 4 0 on international trade entrepreneurial business,"Scopus, WoS, EconLit","Rymarczyk, J. (2021). The impact of industrial revolution 4.0 on international trade. Entrepreneurial Business and Economics Review, 9(1), 105–117. https://doi.org/10.15678/EBER.2021.090107",docx-import,1,manual-import,import-docx,import-docx,1,
scopus-02#141,scopus-02,2,2020,0,"Frankowska, M.",https://doi.org/10.7341/20201631,,,,,,,,,1,,,,,frankowska m multidimensional analysis of embeddedness and cooperation in a cluster a literature and,WoS,"Frankowska, M. (2020). Multidimensional analysis of embeddedness and cooperation in a cluster – a literature and empirical study. Journal of Entrepreneurship, Management and Innovation, 16(3), 11–46. https://doi.org/10.7341/20201631",docx-import,1,manual-import,import-docx,import-docx,1,
scopus-02#142,scopus-02,2,2020,0,"Wojnicka-Sycz, E., Kaczyński, M., & Sycz, P.",,,,,,,,,,1,,,,,wojnicka sycz e kaczy ski m sycz p innovative ecosystems behind regional smart specializations,WoS,"Wojnicka-Sycz, E., Kaczyński, M., & Sycz, P. (2020). Innovative ecosystems behind regional smart specializations: The role of social, cognitive and geographical proximity. Journal of Entrepreneurship, Management and Innovation, 16(3), 129–166. https://doi.org/10.7341/20201635",docx-import,1,manual-import,import-docx,import-docx,1,
scopus-01#143,scopus-01,2,2024,0,"Kumar, S., Verma, A. K., & Mirza, A.",https://doi.org/10.1007/978-981-97-5656-8_1,,,,,,,,,,,,,,kumar s verma a k mirza a background of digital transformation and society in,,"Kumar, S., Verma, A. K., & Mirza, A. (2024). Background of Digital Transformation and Society. In S. Kumar, A. K. Verma, & A. Mirza (Eds.), Digital Transformation, Artificial Intelligence and Society: Opportunities and Challenges (pp. 1–22). Springer Nature. https://doi.org/10.1007/978-981-97-5656-8_1",docx-import,1,manual-import,import-docx,import-docx,1,
scopus-01#144,scopus-01,2,2024,0,"Rosario, R. E. del, & Hsu, C. E.",http://annalsofappliedsciences.com/index.php/aas/article/view/2,,,,,,,,,,,,,,rosario r e del hsu c e the underlying factors of how information sharing,,"Rosario, R. E. del, & Hsu, C. E. (2024). The Underlying Factors of How Information Sharing on Twitter Could Lead to Fake News during Times of Socio-Economic Crisis. Annals of Applied Sciences, 5(1), Article 1. http://annalsofappliedsciences.com/index.php/aas/article/view/2",docx-import,1,manual-import,import-docx,import-docx,1,
scopus-01#145,scopus-01,2,2024,0,"Babangida-Sabo, S., Avemaria Utulu, S. C., & Ajibesin, A.",https://doi.org/10.1109/SEB4SDG60871.2024.10630013,,,,,,,,,,,,,,babangida sabo s avemaria utulu s c ajibesin a sustainable development goal 17 and,,"Babangida-Sabo, S., Avemaria Utulu, S. C., & Ajibesin, A. (2024). Sustainable Development Goal-17 and Nigeria Data Protection Regulation Adoption among Organizations in Nigeria. 2024 International Conference on Science, Engineering and Business for Driving Sustainable Development Goals (SEB4SDG), 1–6. https://doi.org/10.1109/SEB4SDG60871.2024.10630013",docx-import,1,manual-import,import-docx,import-docx,1,
scopus-01#146,scopus-01,2,2024,0,"Nica, I.",https://doi.org/10.1108/K-11-2023-2365,1,2021,,,,,1,,1,2.5,2023,,,nica i bibliometric mapping in the landscape of cybernetics insights into global research networks,"ABS 2021: 1, Scopus, WoS (Impact Factor 2023: 2.5)","Nica, I. (2024). Bibliometric mapping in the landscape of cybernetics: Insights into global research networks. Kybernetes, ahead-of-print(ahead-of-print). https://doi.org/10.1108/K-11-2023-2365",docx-import,1,manual-import,import-docx,import-docx,1,
scopus-01#147,scopus-01,2,2023,0,"Αγαγιώτου, Σ.",http://dspace.lib.uom.gr/handle/2159/29025,,,,,,,,,,,,,,doctoral dissertation,,"Αγαγιώτου, Σ. (2023). Η εξέλιξη της ενδοεπιχειρησιακής κατάρτισης στην Ελλάδα: Θεσμικό, οικονομικό και κοινωνικό πλαίσιο. Ανάλυση μελέτης περίπτωσης σε αλυσίδα καφεστίασης στον κλάδο του επισιτισμού [Doctoral dissertation, Πανεπιστήμιο Μακεδονίας. Τμήμα Εκπαιδευτικής & Κοινωνικής Πολιτικής (ΕΚΠ)]. http://dspace.lib.uom.gr/handle/2159/29025",docx-import,1,manual-import,import-docx,import-docx,1,
scopus-01#148,scopus-01,2,2021,0,"Djeflat, A.",https://www.researchgate.net/profile/Abdelkader-Djeflat-2/publication/349456176_Le_Coronavirus_et_l'economie_de_la_connaissance_les_effets_differencies_dans_le_Nord_et_dans_le_Sud/links/6030caea299bf1cc26d9b10f/Le-Coronavirus-et-leconomie-de-la-connaissance-les-effets-differencies-dans-le-Nord-et-dans-le-Sud.pdf,,,,,,,,,,,,,,djeflat a le coronavirus et l conomie de la connaissance les effets diff renci,,"Djeflat, A. (2021). Le Coronavirus et l’économie de la connaissance: Les effets différenciés dans le Nord et dans le Sud [The Coronavirus and the economy of knowledge: The effects of differences in the North and the South]. REMA, 51, 43–60. https://www.researchgate.net/profile/Abdelkader-Djeflat-2/publication/349456176_Le_Coronavirus_et_l'economie_de_la_connaissance_les_effets_differencies_dans_le_Nord_et_dans_le_Sud/links/6030caea299bf1cc26d9b10f/Le-Coronavirus-et-leconomie-de-la-connaissance-les-effets-differencies-dans-le-Nord-et-dans-le-Sud.pdf",docx-import,1,manual-import,import-docx,import-docx,1,
chapintl-08#149,chapintl-08,2,2025,0,"Kokkinopoulou, E., Vrontis, D., & Thrassou, A.",https://doi.org/10.1108/CEMJ-04-2024-0124,,,,,,,1,,1,2.9,2024,,,kokkinopoulou e vrontis d thrassou a the impact of education on productivity and externalities,"Scopus, WoS (Impact Factor 2024: 2.9","Kokkinopoulou, E., Vrontis, D., & Thrassou, A. (2025). The impact of education on productivity and externalities of economic development and social welfare: A systematic literature review. Central European Management Journal. https://doi.org/10.1108/CEMJ-04-2024-0124",docx-import,1,manual-import,import-docx,import-docx,1,
chapintl-08#150,chapintl-08,2,2025,0,"Farmakis, T., Doukidis, G., Pramatari, K., & Krasonikolakis, I.",https://doi.org/10.1108/EMJB-06-2025-0220,1,2021,C,2022,,1,1,,1,3.9,2024,,,farmakis t doukidis g pramatari k krasonikolakis i digital transformation digital organisational culture and,"ABS 2021: 1, ABDC 2022: C, Scopus, WoS (Impact Factor 2024: 3.9, EconLit","Farmakis, T., Doukidis, G., Pramatari, K., & Krasonikolakis, I. (2025). Digital transformation, digital organisational culture and business model innovation: Evidence from trade, service and manufacturing firms in Greece. EuroMed Journal of Business, 1–24. https://doi.org/10.1108/EMJB-06-2025-0220",docx-import,1,manual-import,import-docx,import-docx,1,
chapintl-08#151,chapintl-08,2,2025,0,"Kumar, V., Kumar, S., Chaudhuri, R., Chatterjee, S., Thrassou, A., & Sakka, G.",https://doi.org/10.1016/j.jbusres.2024.115083,,,A,2022,,1,1,,1,10.5,2024,,,kumar v kumar s chaudhuri r chatterjee s thrassou a sakka g from insight,"ABD 2022: 3, ABDC 2022: A, Scopus, WoS (Impact Factor 2024: 10.5), EconLit","Kumar, V., Kumar, S., Chaudhuri, R., Chatterjee, S., Thrassou, A., & Sakka, G. (2025). From insight to impact: Unravelling the dynamics of big data-backed growth hacking. Journal of Business Research, 188, 115083. https://doi.org/10.1016/j.jbusres.2024.115083",docx-import,1,manual-import,import-docx,import-docx,1,
chapintl-08#152,chapintl-08,2,2024,0,"Vrontis, D., Shams, R., Thrassou, A., & Kafouros, M.",https://doi.org/10.1016/j.intman.2024.101188,,,A,2022,,1,1,,1,4.9,2024,,,vrontis d shams r thrassou a kafouros m global strategy evolution devolution or revolution,"ABD 2022: 3, ABDC 2022: A, Scopus, WoS (Impact Factor 2024: 10.5), EconLit","Vrontis, D., Shams, R., Thrassou, A., & Kafouros, M. (2024). Global strategy evolution, devolution or revolution: Disruptions to globalization and international business introversion. Journal of International Management, 30(5), 101188. https://doi.org/10.1016/j.intman.2024.101188",docx-import,1,manual-import,import-docx,import-docx,1,
chapintl-06#153,chapintl-06,2,2023,0,"Falaras, A., & Moschidis, O.",https://doi.org/10.1007/978-3-031-34589-0_20,,,,,,,,,,,,,,falaras a moschidis o entrepreneurial culture management and innovation of dairy industries in greece,,"Falaras, A., & Moschidis, O. (2023). Entrepreneurial Culture, Management, and Innovation of Dairy Industries in Greece, in a Bureaucracy Environment. In L. Radomir, R. Ciornea, H. Wang, Y. Liu, C. M. Ringle, & M. Sarstedt (Eds.), State of the Art in Partial Least Squares Structural Equation Modeling (PLS-SEM): Methodological Extensions and Applications in the Social Sciences and Beyond (pp. 193–208). Springer International Publishing. https://doi.org/10.1007/978-3-031-34589-0_20",docx-import,1,manual-import,import-docx,import-docx,1,
chapintl-06#154,chapintl-06,2,2022,0,"Koltsaki, M., & Mavri, M.",https://doi.org/10.1089/3dp.2022.0167,,,,,,,,,1,5.355,2022,,,koltsaki m mavri m a comprehensive overview of additive manufacturing processes through a time,WoS (Impact Factor 2022: 5.355),"Koltsaki, M., & Mavri, M. (2022). A Comprehensive Overview of Additive Manufacturing Processes Through a Time-Based Classification Model. 3D Printing and Additive Manufacturing, 3dp.2022.0167. https://doi.org/10.1089/3dp.2022.0167",docx-import,1,manual-import,import-docx,import-docx,1,
chapintl-05#155,chapintl-05,2,2025,0,"Sandoval-Almazan, R., & Valle-Cruz, D.",https://www.elgaronline.com/edcollchap/book/9781035301348/chapter10.xml,,,,,,,,,,,,,,sandoval almazan r valle cruz d towards a framework for data science governance in,,"Sandoval-Almazan, R., & Valle-Cruz, D. (2025). Towards a framework for data science governance in the post-pandemic context: An analysis of three initiatives. In Handbook on Governance and Data Science (pp. 158–177). Edward Elgar Publishing. https://www.elgaronline.com/edcollchap/book/9781035301348/chapter10.xml",docx-import,1,manual-import,import-docx,import-docx,1,
chapintl-05#156,chapintl-05,2,2023,0,"Nihal, L. M. R.",https://dspace.bracu.ac.bd:8443/xmlui/handle/10361/22159,,,,,,,,,,,,,,nihal l m r challenges of english writing after reopening of schools a study,,"Nihal, L. M. R. (2023). Challenges of English writing after reopening of schools: A study of Bangladeshi higher secondary students [Thesis, Brac University]. https://dspace.bracu.ac.bd:8443/xmlui/handle/10361/22159",docx-import,1,manual-import,import-docx,import-docx,1,
chapintl-04#157,chapintl-04,2,2022,0,"Abdullahi, M., Bukar, B. kura, & Bashir, M.",,,,,,,,,,,,,,,abdullahi m bukar b kura bashir m human security and socio economic development challenges,,"Abdullahi, M., Bukar, B. kura, & Bashir, M. (2022). Human Security and Socio-Economic Development Challenges Amid Covid-19 in Nigeria. 2, 32–41.",docx-import,1,manual-import,import-docx,import-docx,1,
prephd-37#158,prephd-37,2,2025,0,"Fernández-de-Caleya-Dalmau, R., Ramos-Abascal, M. I., & Maylín-Aguilar, C.",https://doi.org/10.3390/tourhosp6010010,,,,,,,1,,,,,,,fern ndez de caleya dalmau r ramos abascal m i mayl n aguilar c,Scopus,"Fernández-de-Caleya-Dalmau, R., Ramos-Abascal, M. I., & Maylín-Aguilar, C. (2025). Multilevel Analysis Applied in High-Impact Environments: Causes and Effects of Firm and Political Activities During the Pandemic in the Restaurant Sector. Tourism and Hospitality, 6(1), 10. https://doi.org/10.3390/tourhosp6010010",docx-import,1,manual-import,import-docx,import-docx,1,
prephd-37#159,prephd-37,2,2025,0,"Noor, N. H. M., Al Koliby, I. S., Al-Swidi, A. K., & Al-Hakimi, M. A.",https://doi.org/10.1016/j.sftr.2025.100675,,,,,,,1,,1,4.9,2024,,,noor n h m al koliby i s al swidi a k al hakimi,"Scopus, WoS (Impact Factor 2024: 4.9)","Noor, N. H. M., Al Koliby, I. S., Al-Swidi, A. K., & Al-Hakimi, M. A. (2025). Women entrepreneurs and sustainable development: Promoting business performance from the low-income groups. Sustainable Futures, 9, 100675. https://doi.org/10.1016/j.sftr.2025.100675",docx-import,1,manual-import,import-docx,import-docx,1,
prephd-37#160,prephd-37,2,2022,0,"Medina Molina, C., Ribeiro Soriano, D., & Blanco González-Tejero, C.",https://doi.org/10.1007/s11846-022-00575-z,2,2021,,,,,1,,1,5.435,2022,,,medina molina c ribeiro soriano d blanco gonz lez tejero c multi level corporate,"ABS 2021: 2, Scopus, WoS (Impact Factor 2022: 5.435)","Medina Molina, C., Ribeiro Soriano, D., & Blanco González-Tejero, C. (2022). Multi-level corporate entrepreneurship in SMEs: An intra-metropolitan analysis. Review of Managerial Science. https://doi.org/10.1007/s11846-022-00575-z",docx-import,1,manual-import,import-docx,import-docx,1,
prephd-37#161,prephd-37,2,2021,0,"Khan, M. A.",https://doi.org/10.2478/joim-2021-0068,,,,,,,,,,,,,,khan m a trends and future of corporate entrepreneurship in indonesia in the post,,"Khan, M. A. (2021). Trends and Future of Corporate Entrepreneurship in Indonesia in the Post-Pandemic Era by Using Descriptive Quantitative and Cross-sectional Study. Journal of Intercultural Management, 13(3), 95–108. https://doi.org/10.2478/joim-2021-0068",docx-import,1,manual-import,import-docx,import-docx,1,
prephd-36#162,prephd-36,2,2023,0,"Zevallos, G. F. D. O. D., Clemente-Almendros, J. A., & Rosado, M. E. B.",https://doi.org/10.2478/sbe-2023-0026,,,,,,,,,,,,,,zevallos g f d o d clemente almendros j a rosado m e b,,"Zevallos, G. F. D. O. D., Clemente-Almendros, J. A., & Rosado, M. E. B. (2023). The COVID-19 Crisis and the Financial Impact on Family Firms. Studies in Business and Economics, 18(2), 86–108. https://doi.org/10.2478/sbe-2023-0026",docx-import,1,manual-import,import-docx,import-docx,1,
prephd-36#163,prephd-36,2,2021,0,"Wieczorek-Kosmala, M., Błach, J., & Doś, A.",https://doi.org/10.3390/risks9090161,,,B,2022,,1,1,,1,2.0,2023,,,wieczorek kosmala m b ach j do a covid 19 interruptions and smes heterogeneity,"ABDC 2022: B, Scopus, WoS (Impact Factor 2023: 2.0), EconLit","Wieczorek-Kosmala, M., Błach, J., & Doś, A. (2021). COVID-19 Interruptions and SMEs Heterogeneity: Evidence from Poland. Risks, 9(9), 161. https://doi.org/10.3390/risks9090161",docx-import,1,manual-import,import-docx,import-docx,1,
prephd-35#164,prephd-35,2,2021,0,"Jalil, M. F., Ullah, W., & Ahmed, Z.",https://doi.org/10.1177/21582440211067250,,,,,,,1,,1,2.032,2022,,,jalil m f ullah w ahmed z training perception and innovative behavior of sme,"Scopus, WoS (Impact Factor 2022: 2.032)","Jalil, M. F., Ullah, W., & Ahmed, Z. (2021). Training Perception and Innovative Behavior of SME Employees: Examining the Mediating Effects of Firm Commitment. SAGE Open, 11(4), 21582440211067250. https://doi.org/10.1177/21582440211067250",docx-import,1,manual-import,import-docx,import-docx,1,
prephd-34#165,prephd-34,2,2025,0,"Sodikov, A., Komilova, N., Akhmadaliyev, Y., Khudayberganova, R., & Abdinazarova",https://doi.org/10.14419/j73vdn86,,,,,,,1,,,,,,,sodikov a komilova n akhmadaliyev y khudayberganova r abdinazarova k regional industrial development and,Scopus,"Sodikov, A., Komilova, N., Akhmadaliyev, Y., Khudayberganova, R., & Abdinazarova, K. (2025). Regional Industrial Development and Growth Pole Formation: Key Factors for Sustainable Economic Expansion. International Journal of Accounting and Economics Studies, 12(SI-2), 10–20. https://doi.org/10.14419/j73vdn86",docx-import,1,manual-import,import-docx,import-docx,1,
prephd-32#166,prephd-32,2,2024,0,"Melo, C.",https://doi.org/10.57857/ULISBOA.ISCSP.1645-4677.33.2024.000003/PP.33-44,,,,,,,,,,,,,,melo c a china e os brics do distanciamento inicial atual lideran a portuguese,,"Melo, C. (2024). A China e os BRICS: Do Distanciamento Inicial à Atual Liderança. Portuguese Journal of Asian Studies, 33, 33–44. https://doi.org/10.57857/ULISBOA.ISCSP.1645-4677.33.2024.000003/PP.33-44",docx-import,1,manual-import,import-docx,import-docx,1,
prephd-31#167,prephd-31,2,2025,0,"Narváez Castro, M., González Testa, N., & Senior-Naveda, A.",https://doi.org/10.52080/rvgluz.30.112.18,,,,,,,,,,,,,,narv ez castro m gonz lez testa n senior naveda a factores determinantes de,,"Narváez Castro, M., González Testa, N., & Senior-Naveda, A. (2025). Factores determinantes de Competitividad: Análisis sistémico para empresas públicas. Revista Venezolana de Gerencia, 30(112), 1961–1978. https://doi.org/10.52080/rvgluz.30.112.18",docx-import,1,manual-import,import-docx,import-docx,1,
prephd-31#168,prephd-31,2,2025,0,"Castro, I. R. R., Gómez–Caicedo, M. I., Gaitán–Angulo, M., Balaguera, M. I., & M",https://doi.org/10.1002/waf2.12063,,,,,,,1,,,,,,,castro i r r g mez caicedo m i gait n angulo m balaguera,Scopus,"Castro, I. R. R., Gómez–Caicedo, M. I., Gaitán–Angulo, M., Balaguera, M. I., & Marmolejo, J. A. (2025). Unveiling the Drivers of Competitiveness: A Study Across Latin America and Europe. World Affairs, 188(1), e12063. https://doi.org/10.1002/waf2.12063",docx-import,1,manual-import,import-docx,import-docx,1,
prephd-31#169,prephd-31,2,2025,0,"Lamarche, T., & Bastien, J.",https://shs.cairn.info/mesoeconomie--9782100872459,,,,,,,,,,,,,,lamarche t bastien j m so conomie penser la pluralit des dynamiques conomiques dunod,,"Lamarche, T., & Bastien, J. (2025). Mésoéconomie. Penser la pluralité des dynamiques économiques. Dunod. https://shs.cairn.info/mesoeconomie--9782100872459",docx-import,1,manual-import,import-docx,import-docx,1,
prephd-31#170,prephd-31,2,2025,0,"Zaman, A. U.",https://doi.org/10.70818/pjbis.v02i03.090,,,,,,,,,,,,,,zaman a u green energy entrepreneurship emerging business models for decentralized renewable power in,,"Zaman, A. U. (2025). Green Energy Entrepreneurship: Emerging Business Models for Decentralized Renewable Power in Developing Economies. Pacific Journal of Business Innovation and Strategy, 2(3), 60–71. https://doi.org/10.70818/pjbis.v02i03.090",docx-import,1,manual-import,import-docx,import-docx,1,
prephd-31#171,prephd-31,2,2025,0,"Ncanywa, T., Dyantyi, N., & Asaleye, A. J.",https://doi.org/10.3390/economies13040107,1,2021,C,2022,,1,1,,1,2.1,2024,,,ncanywa t dyantyi n asaleye a j empowerment through entrepreneurship a mixed methods analysis,"ABS 2021: 1, ABDC 2022: C, Scopus, WoS (Impact Factor 2024: 2.1), EconLit","Ncanywa, T., Dyantyi, N., & Asaleye, A. J. (2025). Empowerment Through Entrepreneurship: A Mixed-Methods Analysis of Social Grants and Economic Sufficiency. Economies, 13(4), 107. https://doi.org/10.3390/economies13040107",docx-import,1,manual-import,import-docx,import-docx,1,
prephd-31#172,prephd-31,2,2025,0,"Noor, N. H. M., Al Koliby, I. S., Al-Swidi, A. K., & Al-Hakimi, M. A.",https://doi.org/10.1016/j.sftr.2025.100675,,,,,,,1,,1,4.9,2024,,,noor n h m al koliby i s al swidi a k al hakimi,"Scopus, WoS (Impact Factor 2024: 4.9)","Noor, N. H. M., Al Koliby, I. S., Al-Swidi, A. K., & Al-Hakimi, M. A. (2025). Women entrepreneurs and sustainable development: Promoting business performance from the low-income groups. Sustainable Futures, 9, 100675. https://doi.org/10.1016/j.sftr.2025.100675",docx-import,1,manual-import,import-docx,import-docx,1,
prephd-31#173,prephd-31,2,2025,0,"Ohwofadjeke, P., Anya, C. U., & Obichere, J.",,,,,,,,,,,,,,,ohwofadjeke p anya c u obichere j developing a framework for integrating circular economy,,"Ohwofadjeke, P., Anya, C. U., & Obichere, J. (2025). Developing A Framework for Integrating Circular Economy Principles into Public Procurement. 2, 31.",docx-import,1,manual-import,import-docx,import-docx,1,
prephd-31#174,prephd-31,2,2025,0,"Aslam, M. F., & Baomin, W.",https://doi.org/10.1177/21582440251397675,,,,,,,,,,,,,,aslam m f baomin w ebb and flow of globalization perspectives on international trade,,"Aslam, M. F., & Baomin, W. (2025). Ebb and Flow of Globalization: Perspectives on International Trade Laws and Uneven Development of World Trade. Sage Open, 15(4), 21582440251397675. https://doi.org/10.1177/21582440251397675",docx-import,1,manual-import,import-docx,import-docx,1,
prephd-31#175,prephd-31,2,2025,0,"Ghosh, O., & Kumar, B.",https://doi.org/10.4018/979-8-3373-1355-9.ch004,,,,,,,1,,,,,,,ghosh o kumar b globalization security challenges and the evolving landscape for contemporary democracies,Scopus,"Ghosh, O., & Kumar, B. (2025). Globalization, Security Challenges, and the Evolving Landscape for Contemporary Democracies: In E. Alaverdov & G. Abuseridze (Eds), Globalization, Global Security, and New International Realities for Modern Democracies (pp. 61–90). IGI Global. https://doi.org/10.4018/979-8-3373-1355-9.ch004",docx-import,1,manual-import,import-docx,import-docx,1,
prephd-31#176,prephd-31,2,2024,0,"Goohs, J., Dykstra, J., Melaragno, A., & Casey, W.",https://doi.org/10.1109/MILCOM61039.2024.10773898,,,,,,,,,,,,,,goohs j dykstra j melaragno a casey w a game theory for resource constrained,,"Goohs, J., Dykstra, J., Melaragno, A., & Casey, W. (2024). A Game Theory for Resource-Constrained Tactical Cyber Operations. MILCOM 2024 - 2024 IEEE Military Communications Conference (MILCOM), 1052–1057. https://doi.org/10.1109/MILCOM61039.2024.10773898",docx-import,1,manual-import,import-docx,import-docx,1,
prephd-31#177,prephd-31,2,2024,0,"Noor, N. H. M.",https://doi.org/10.17687/jeb.v12i2.1127,,,,,,,,,,,,,,noor n h m mengejar makhluk mitos syarikat unicorn mengenalpasti kejayaan perniagaan baru dalam,,"Noor, N. H. M. (2024). Mengejar Makhluk Mitos–Syarikat Unicorn: Mengenalpasti Kejayaan Perniagaan Baru dalam Dunia Digital. Journal of Entrepreneurship and Business, 12(2), Article 2. https://doi.org/10.17687/jeb.v12i2.1127",docx-import,1,manual-import,import-docx,import-docx,1,
prephd-31#178,prephd-31,2,2024,0,"Breitschopf, B., Lotz, M. T., & Marscheider-Weidemann, F.",https://doi.org/10.24406/publica-2695,,,,,,,,,,,,,,breitschopf b lotz m t marscheider weidemann f price pass through of co costs,,"Breitschopf, B., Lotz, M. T., & Marscheider-Weidemann, F. (2024). Price pass-through of CO₂ costs (Working Paper No. S02/2024). Working Paper Sustainability and Innovation. https://doi.org/10.24406/publica-2695",docx-import,1,manual-import,import-docx,import-docx,1,
prephd-31#179,prephd-31,2,2024,0,"Clarke, I.",,,,,,,,,,,,,,,clarke i training the next generation of tech transfer officers assessing commercialization skills programs,,"Clarke, I. (2024). Training the Next Generation of Tech Transfer Officers: Assessing Commercialization Skills Programs in Canadian Universities. Journal of Commercial Biotechnology, 29(2), 296–310.",docx-import,1,manual-import,import-docx,import-docx,1,
prephd-31#180,prephd-31,2,2024,0,"Kauskik, K., Rajasulochana, S., & Dhaigude, A.",https://doi.org/10.17705/1CAIS.05420,2,2021,A,2022,,,1,,1,,,,,kauskik k rajasulochana s dhaigude a are we missing some forces an exploratory study,"ABS 2021: 2, ABDC 2022: A, Scopus, WoS","Kauskik, K., Rajasulochana, S., & Dhaigude, A. (2024). Are we Missing Some Forces? An Exploratory Study Based on Twitter Analytics of Political Communication. Communications of the Association for Information Systems, 54(1), 547–578. https://doi.org/10.17705/1CAIS.05420",docx-import,1,manual-import,import-docx,import-docx,1,
prephd-31#181,prephd-31,2,2024,0,"Ivanova-Gongne, M., Torkkeli, L., Koporcic, N., & Barner-Rasmussen, W.",,,,,,,,1,,,,,,,ivanova gongne m torkkeli l koporcic n barner rasmussen w forging the future the,Scopus,"Ivanova-Gongne, M., Torkkeli, L., Koporcic, N., & Barner-Rasmussen, W. (2024). Forging the future: The evolving role of individuals in B2B marketing. In Individuals in B2B Marketing (pp. 250–256). Routledge.",docx-import,1,manual-import,import-docx,import-docx,1,
prephd-31#182,prephd-31,2,2023,0,"Hämäläinen, M., Peltonen, K., & Raappana, A.",https://doi.org/10.54329/akakk.141579,,,,,,,,,,,,,,h m l inen m peltonen k raappana a kriittist tarkastelua yritt j m,,"Hämäläinen, M., Peltonen, K., & Raappana, A. (2023). Kriittistä tarkastelua yrittäjämäisen toimintakulttuurin ilmenemisestä ammattikorkeakoulukontekstissa: Opettajien ja opiskelijoiden näkökulmia. Ammattikasvatuksen aikakauskirja, 25(4), Article 4. https://doi.org/10.54329/akakk.141579",docx-import,1,manual-import,import-docx,import-docx,1,
prephd-31#183,prephd-31,2,2023,0,"Prasetyo, A., Raharjo, T. W., Rinawati, H. S., Hamid, A., Wahyudianto, H., & Har",https://doi.org/10.2991/978-2-38476-118-0_12,,,,,,,,,,,,,,prasetyo a raharjo t w rinawati h s hamid a wahyudianto h hartopo a,,"Prasetyo, A., Raharjo, T. W., Rinawati, H. S., Hamid, A., Wahyudianto, H., & Hartopo, A. (2023). Analysis of Three Levels of Product Potential of Rural Tourism Areas as A Buffer for the Borobudur National Strategic Area. 103–116. https://doi.org/10.2991/978-2-38476-118-0_12",docx-import,1,manual-import,import-docx,import-docx,1,
prephd-31#184,prephd-31,2,2023,0,"Prasetyo, A., Rinawati, H. S., Hamid, A., Raharjo, T. W., Trisnani, T., Wahyudia",https://doi.org/10.2991/978-2-38476-118-0_33,,,,,,,,,,,,,,prasetyo a rinawati h s hamid a raharjo t w trisnani t wahyudianto h,,"Prasetyo, A., Rinawati, H. S., Hamid, A., Raharjo, T. W., Trisnani, T., Wahyudianto, H., & Hartopo, A. (2023). Consistency of Blitar City Policy towards the Area of ​​Acceleration of Economic Development in the Perspective of Regional Competitive. 288–298. https://doi.org/10.2991/978-2-38476-118-0_33",docx-import,1,manual-import,import-docx,import-docx,1,
prephd-31#185,prephd-31,2,2022,0,"Azarakhsh, S., & Einali, J.",,,,,,,,,,,,,,,azarakhsh s einali j an analysis of factors affecting the economic sustainability of rural,,"Azarakhsh, S., & Einali, J. (2022). An Analysis of Factors Affecting the Economic Sustainability of Rural Tourism Destinations, Case Study: Tourism Target Villages of Kohgiluyeh and Boyer-Ahmad Provinces. Economic Geography Research, 3(8), 68–83.",docx-import,1,manual-import,import-docx,import-docx,1,
prephd-31#186,prephd-31,2,2022,0,"Alexisson, M., & Arriagada, N.",,,,,,,,,,,,,,,alexisson m arriagada n in concert at the interior cluster a qualitative analysis of,,"Alexisson, M., & Arriagada, N. (2022). In Concert at The Interior Cluster: A qualitative analysis of Interaction and the space between Conventions [Master’s Thesis]. Linnaeus University.",docx-import,1,manual-import,import-docx,import-docx,1,
prephd-31#187,prephd-31,2,2022,0,"A.N., E., & S., K.",https://doi.org/10.52589/IJEBI_RV1CODEY,,,,,,,,,,,,,,a n e s k public policies to support entrepreneurship and smes growth the,,"A.N., E., & S., K. (2022). Public Policies to Support Entrepreneurship and SMEs Growth: The Case of Libya. International Journal of Entrepreneurship and Business Innovation, 5(1), 43–67. https://doi.org/10.52589/IJEBI_RV1CODEY",docx-import,1,manual-import,import-docx,import-docx,1,
prephd-31#188,prephd-31,2,2022,0,"Haider, M., Shannon, R., & Moschis, G. P.",https://doi.org/10.3390/su14073999,,,,,,,1,,1,3.889,2022,,,haider m shannon r moschis g p sustainable consumption research and the role of,"Scopus, WoS (Impact Factor 2022: 3.889)","Haider, M., Shannon, R., & Moschis, G. P. (2022). Sustainable Consumption Research and the Role of Marketing: A Review of the Literature (1976–2021). Sustainability, 14(7), 3999. https://doi.org/10.3390/su14073999",docx-import,1,manual-import,import-docx,import-docx,1,
prephd-31#189,prephd-31,2,2022,0,"Laud, G., Chou, C. Y., & Leo, W. W. C.",https://doi.org/10.1108/JOSM-06-2021-0224,2,2021,A,2022,,,1,,1,9.45,2022,,,laud g chou c y leo w w c service system well being scale,"ABS 2021: 2, ABDC 2022: A, Scopus, WoS (Impact Factor 2022: 9.45)","Laud, G., Chou, C. Y., & Leo, W. W. C. (2022). Service system well-being: Scale development and validation. Journal of Service Management, ahead-of-print(ahead-of-print). https://doi.org/10.1108/JOSM-06-2021-0224",docx-import,1,manual-import,import-docx,import-docx,1,
prephd-31#190,prephd-31,2,2022,0,"Sujoko, I., Apriyani, A., Saputra, R., Aprilianto, M., & Widyawati, A. C.",https://doi.org/10.53730/ijhs.v6nS1.5596,,,,,,,,,,,,,,sujoko i apriyani a saputra r aprilianto m widyawati a c policy analysis building,,"Sujoko, I., Apriyani, A., Saputra, R., Aprilianto, M., & Widyawati, A. C. (2022). Policy analysis building sports achievement in Serang City. International Journal of Health Sciences, 3679–3691. https://doi.org/10.53730/ijhs.v6nS1.5596",docx-import,1,manual-import,import-docx,import-docx,1,
prephd-31#191,prephd-31,2,2021,0,"Almeida, P. M. F. de.",https://repositorio.iscte-iul.pt/handle/10071/24007,,,,,,,,,,,,,,almeida p m f de o impacto da intelig ncia artificial nas estrat gias,,"Almeida, P. M. F. de. (2021). O impacto da inteligência artificial nas estratégias empreendedoras das empresas Portuguesas [Master’s Thesis]. https://repositorio.iscte-iul.pt/handle/10071/24007",docx-import,1,manual-import,import-docx,import-docx,1,
prephd-31#192,prephd-31,2,2021,0,"Horváth D., Regős G., & Molnár D.",https://doi.org/10.20311/stat2021.4.hu0362,,,,,,,,,,,,,,horv th d reg s g moln r d a gy m lcs ltetv,,"Horváth D., Regős G., & Molnár D. (2021). A gyümölcsültetvények hatékonysági elemzése [Efficiency analysis of fruit plantations]. Statisztikai Szemle, 99(4), 362–388. https://doi.org/10.20311/stat2021.4.hu0362",docx-import,1,manual-import,import-docx,import-docx,1,
prephd-31#193,prephd-31,2,2021,0,"Kiraka, R. N.",https://doi.org/10.1007/978-3-030-76563-7_4,,,,,,,,,,,,,,kiraka r n green entrepreneurship the case study of the kenyan climate innovation centre,,"Kiraka, R. N. (2021). Green Entrepreneurship: The Case Study of the Kenyan Climate Innovation Centre. In E. K. Adae, J. P. B. Kosiba, R. E. Hinson, K. K. Twum, N. Newman, & F. F. Nutsugah (Eds.), Responsible Management in Emerging Markets: A Multisectoral Focus (pp. 83–106). Springer International Publishing. https://doi.org/10.1007/978-3-030-76563-7_4",docx-import,1,manual-import,import-docx,import-docx,1,
prephd-31#194,prephd-31,2,2021,0,"Nurhayati, R., Dwiningrum, S. I. A., & Efianingrum, A.",https://doi.org/10.35445/alishlah.v13i3.1235,,,,,,,,,,,,,,nurhayati r dwiningrum s i a efianingrum a school policy innovation to reduce bullying,,"Nurhayati, R., Dwiningrum, S. I. A., & Efianingrum, A. (2021). School Policy Innovation to Reduce Bullying Effect. AL-ISHLAH: Jurnal Pendidikan, 13(3), 2675–2688. https://doi.org/10.35445/alishlah.v13i3.1235",docx-import,1,manual-import,import-docx,import-docx,1,
prephd-31#195,prephd-31,2,2021,0,"Bokareva, E., Silaeva, A., Sanginova, L., Boboshko, V., & Boboshko, N.",https://doi.org/10.21003/ea.V193-15,,,,,,1,1,,,,,,,bokareva e silaeva a sanginova l boboshko v boboshko n objective and imperative meaning,"Scopus, EconLit","Bokareva, E., Silaeva, A., Sanginova, L., Boboshko, V., & Boboshko, N. (2021). Objective and imperative meaning of financial policy at micro level. Economic Annals-ХХI, 193(9–10), 121–127. https://doi.org/10.21003/ea.V193-15",docx-import,1,manual-import,import-docx,import-docx,1,
prephd-31#196,prephd-31,2,2020,0,"Skopenko, N., Kundieieva, H., Yevsieieva-Severyna, I., & Mykhailenko, O.",http://ufj.ho.ua/Archiv/UKRAINIAN%20FOOD%20JOURNAL%202020%20V.9%20Is.3.pdf#page=210,,,,,,,,,,,,,,skopenko n kundieieva h yevsieieva severyna i mykhailenko o sectoral features in the formation,,"Skopenko, N., Kundieieva, H., Yevsieieva-Severyna, I., & Mykhailenko, O. (2020). Sectoral features in the formation of food industry enterprises competitiveness: Case of Ukraine. Ukrainian Food Journal, 9(3), 706–725. http://ufj.ho.ua/Archiv/UKRAINIAN%20FOOD%20JOURNAL%202020%20V.9%20Is.3.pdf#page=210",docx-import,1,manual-import,import-docx,import-docx,1,
prephd-29#197,prephd-29,2,2021,0,"Kravariti, F., Oruh, E. S., Dibia, C., Tasoulis, K., Scullion, H., & Mamman, A.",https://doi.org/10.1108/JOEPP-01-2021-0022,2,2021,B,2022,,,1,,1,3.0,2023,,,kravariti f oruh e s dibia c tasoulis k scullion h mamman a weathering,"ABS 2021: 2, ABDC 2022: B, Scopus, WoS (Impact Factor 2023: 3.0)","Kravariti, F., Oruh, E. S., Dibia, C., Tasoulis, K., Scullion, H., & Mamman, A. (2021). Weathering the storm: Talent management in internationally oriented Greek small and medium-sized enterprises. Journal of Organizational Effectiveness: People and Performance, 8(4), 444–463. https://doi.org/10.1108/JOEPP-01-2021-0022",docx-import,1,manual-import,import-docx,import-docx,1,
prephd-28#198,prephd-28,2,2023,0,"Αγαγιώτου, Σ.",http://dspace.lib.uom.gr/handle/2159/29025,,,,,,,,,,,,,,doctoral dissertation,,"Αγαγιώτου, Σ. (2023). Η εξέλιξη της ενδοεπιχειρησιακής κατάρτισης στην Ελλάδα: Θεσμικό, οικονομικό και κοινωνικό πλαίσιο. Ανάλυση μελέτης περίπτωσης σε αλυσίδα καφεστίασης στον κλάδο του επισιτισμού [Doctoral dissertation, Πανεπιστήμιο Μακεδονίας. Τμήμα Εκπαιδευτικής & Κοινωνικής Πολιτικής (ΕΚΠ)]. http://dspace.lib.uom.gr/handle/2159/29025",docx-import,1,manual-import,import-docx,import-docx,1,
prephd-27#199,prephd-27,2,2025,0,"Doe, E., Attua, E., Obour, P. B., Amon-Armah, F., Mensah, M., Adjei-Boadi, D., F",,,,,,,,1,,,,,,,doe e attua e obour p b amon armah f mensah m adjei boadi,Scopus,"Doe, E., Attua, E., Obour, P. B., Amon-Armah, F., Mensah, M., Adjei-Boadi, D., Fosu-Mensah, B., & Baah, F. (2025). Assessing gender and geospatial factors impacting cocoa productivity in Ghana’s organic and conventional agroforestry systems. West African Journal of Applied Ecology, 33(1), 66–84.",docx-import,1,manual-import,import-docx,import-docx,1,
prephd-27#200,prephd-27,2,2025,0,Dicky Kurniawan & Deden A. Wahab Sya’roni.,https://doi.org/10.34010/icobest.v8i.702,,,,,,,,,,,,,,dicky kurniawan deden a wahab sya roni the influence of generation z to unemployment,,"Dicky Kurniawan & Deden A. Wahab Sya’roni. (2025). The Influence of Generation Z to Unemployment in Indonesia Start Up. Proceeding of International Conference on Business, Economics, Social Sciences, and Humanities, 8, 297–306. https://doi.org/10.34010/icobest.v8i.702",docx-import,1,manual-import,import-docx,import-docx,1,
prephd-27#201,prephd-27,2,2025,0,"Fitri, W. R., Daeng, A., & Husni, V. H.",,,,,,,,,,,,,,,fitri w r daeng a husni v h analysis of the effect of upward,,"Fitri, W. R., Daeng, A., & Husni, V. H. (2025). Analysis of the Effect of Upward Migration on the Status of Not in Employment, Education or Training in West Nusa Tenggara. Journal of International Business, Management and Finance Studies, 3(1), 135–150.",docx-import,1,manual-import,import-docx,import-docx,1,
prephd-27#202,prephd-27,2,2023,0,"Chisala, C.",https://doi.org/10.46222/ajhtl.19770720.415,,,,,,,1,,,,,,,chisala c optimising the economic weight of thermal springs for rural tourism development in,Scopus,"Chisala, C. (2023). Optimising the Economic Weight of Thermal Springs for Rural Tourism Development in Zambia. African Journal of Hospitality Tourism and Leisure, 12, 1043–1057. https://doi.org/10.46222/ajhtl.19770720.415",docx-import,1,manual-import,import-docx,import-docx,1,
prephd-27#203,prephd-27,2,2022,0,"Ai, C.-H., Wu, H.-C., Huang, T.-H., & Wang, R.",https://doi.org/10.1080/19761597.2020.1838307,1,2018,,,,,1,,1,1.769,2022,,,ai c h wu h c huang t h wang r how does knowledge,"ABS 2018: 1, Scopus, WoS (Impact Factor 2022: 1.769)","Ai, C.-H., Wu, H.-C., Huang, T.-H., & Wang, R. (2022). How does knowledge flow in industrial clusters? The comparison between both naturally and intentionally formed industrial clusters in China. Asian Journal of Technology Innovation, 30(2), 245–275. https://doi.org/10.1080/19761597.2020.1838307",docx-import,1,manual-import,import-docx,import-docx,1,
prephd-27#204,prephd-27,2,2022,0,"Nugraha, I. C., Siti Fatimah, Belia Fransiska, & Endriana Prasetyawati.",https://doi.org/10.32630/sukowati.v6i1.333,,,,,,,,,,,,,,nugraha i c siti fatimah belia fransiska endriana prasetyawati bela beli kulon progo sebagai,,"Nugraha, I. C., Siti Fatimah, Belia Fransiska, & Endriana Prasetyawati. (2022). Bela Beli Kulon Progo Sebagai Sebuah Model Endogenous Development. Jurnal Litbang Sukowati : Media Penelitian Dan Pengembangan, 6(1), 123–140. https://doi.org/10.32630/sukowati.v6i1.333",docx-import,1,manual-import,import-docx,import-docx,1,
prephd-27#205,prephd-27,2,2021,0,"Broumand Jazi, S.",https://doi.org/10.30473/indeco.2021.7959,,,,,,,,,,,,,,broumand jazi s the smes role in industrial development based on the diffusion process,,"Broumand Jazi, S. (2021). The SMEs’ Role in Industrial Development Based on the Diffusion Process Modeling. Industrial Economics Research Quarterly (Original Title in Persian), 5(15), 63–74. https://doi.org/10.30473/indeco.2021.7959",docx-import,1,manual-import,import-docx,import-docx,1,
prephd-23#206,prephd-23,2,2025,0,"Ramesh, K.",,,,,,,,,,,,,,,ramesh k startups driving employment growth assessing government initiatives and implementation challenges opus hr,,"Ramesh, K. (2025). Startups Driving Employment Growth: Assessing Government Initiatives and Implementation Challenges. OPUS: HR Journal, 16(1).",docx-import,1,manual-import,import-docx,import-docx,1,
prephd-22#207,prephd-22,2,2025,0,"Ramos, C. D. C., Schuh, K. I., & Dal Vesco, D. G.",https://doi.org/10.23925/cintec.v3i1.69955,,,,,,,,,,,,,,ramos c d c schuh k i dal vesco d g inova o na,,"Ramos, C. D. C., Schuh, K. I., & Dal Vesco, D. G. (2025). Inovação na Avaliação de Desempenho Organizacional: Explorando O SCORECARD STRA.TECH.MAN. Revista Científica Cintec, 3(1), 9–33. https://doi.org/10.23925/cintec.v3i1.69955",docx-import,1,manual-import,import-docx,import-docx,1,
prephd-22#208,prephd-22,2,2025,0,"Ghosh, O., & Kumar, B.",https://doi.org/10.4018/979-8-3373-1355-9.ch004,,,,,,,1,,,,,,,ghosh o kumar b globalization security challenges and the evolving landscape for contemporary democracies,Scopus,"Ghosh, O., & Kumar, B. (2025). Globalization, Security Challenges, and the Evolving Landscape for Contemporary Democracies: In E. Alaverdov & G. Abuseridze (Eds), Globalization, Global Security, and New International Realities for Modern Democracies (pp. 61–90). IGI Global. https://doi.org/10.4018/979-8-3373-1355-9.ch004",docx-import,1,manual-import,import-docx,import-docx,1,
prephd-22#209,prephd-22,2,2023,0,"Mulyana, R. A.",https://doi.org/10.26740/jupe.v11n3.p243-253,,,,,,,,,,,,,,mulyana r a kritik atas pandangan inovasi kewirausahaan j a schumpeter jurnal pendidikan ekonomi,,"Mulyana, R. A. (2023). Kritik Atas Pandangan Inovasi-Kewirausahaan J. A. Schumpeter. Jurnal Pendidikan Ekonomi (JUPE), 11(3), Article 3. https://doi.org/10.26740/jupe.v11n3.p243-253",docx-import,1,manual-import,import-docx,import-docx,1,
prephd-22#210,prephd-22,2,2023,0,"Sakka, F., & Ghadi, M. Y.",https://doi.org/10.26668/businessreview/2023.v8i4.613,,,,,,,,,,,,,,sakka f ghadi m y human capital development special economic zones and dubai as,,"Sakka, F., & Ghadi, M. Y. (2023). Human Capital Development, Special Economic Zones, and Dubai as Case Study: A Literature Review. International Journal of Professional Business Review, 8(4), e0613–e0613. https://doi.org/10.26668/businessreview/2023.v8i4.613",docx-import,1,manual-import,import-docx,import-docx,1,
prephd-20#211,prephd-20,2,2024,0,"Kunwar, R. R., & Ulak, N.",https://doi.org/10.3126/japfcsc.v7i1.67006,,,,,,,,,,,,,,kunwar r r ulak n extension of the triple helix to quadruple to quintuple,,"Kunwar, R. R., & Ulak, N. (2024). Extension of the Triple Helix to Quadruple to Quintuple Helix Model. Journal of APF Command and Staff College, 7(1), 241–280. https://doi.org/10.3126/japfcsc.v7i1.67006",docx-import,1,manual-import,import-docx,import-docx,1,
prephd-20#212,prephd-20,2,2023,0,"Kunwar, R. R., & Ulak, N.",https://doi.org/10.3126/japfcsc.v6i01.57573,,,,,,,,,,,,,,kunwar r r ulak n understanding the triple helix model and capitalization of knowledge,,"Kunwar, R. R., & Ulak, N. (2023). Understanding the Triple Helix Model and Capitalization of Knowledge. Journal of APF Command and Staff College, 6(01), Article 01. https://doi.org/10.3126/japfcsc.v6i01.57573",docx-import,1,manual-import,import-docx,import-docx,1,
prephd-20#213,prephd-20,2,2022,0,"Zainol, R., Roslan, F. F., Azali, N. S., Rosni, N. A., & Wei, C. L.",https://doi.org/10.21837/pm.v20i24.1217,,,,,,,1,,,,,,,zainol r roslan f f azali n s rosni n a wei c l,Scopus,"Zainol, R., Roslan, F. F., Azali, N. S., Rosni, N. A., & Wei, C. L. (2022). Triple Helix Model in Handling Challenges to the Informal Economic Activities. Planning Malaysia, 20. https://doi.org/10.21837/pm.v20i24.1217",docx-import,1,manual-import,import-docx,import-docx,1,
prephd-19#214,prephd-19,2,2021,0,"Bdr. Shahi, M.",https://doi.org/10.29322/IJSRP.11.03.2021.p11114,,,,,,,,,,,,,,bdr shahi m teacher recruitment policy and practices in federal nepal international journal of,,"Bdr. Shahi, M. (2021). Teacher Recruitment Policy and Practices in Federal Nepal. International Journal of Scientific and Research Publications (IJSRP), 11(3), 110–114. https://doi.org/10.29322/IJSRP.11.03.2021.p11114",docx-import,1,manual-import,import-docx,import-docx,1,
prephd-18#215,prephd-18,2,2025,0,"Dygas, R.",https://doi.org/10.1007/978-981-96-6998-1_10,,,,,,,1,,,,,,,dygas r india s foreign policy and china india economic and strategic competition in,Scopus,"Dygas, R. (2025). India’s Foreign Policy and China-India Economic and Strategic Competition in the Indo-Pacific Region: The Strategic Update. In E. Lau, J. Moll De Alba, & L. M. Tan (Eds), Economics and Finance Readings (pp. 183–195). Springer Nature Singapore. https://doi.org/10.1007/978-981-96-6998-1_10",docx-import,1,manual-import,import-docx,import-docx,1,
prephd-18#216,prephd-18,2,2023,0,"Leite, J. M. S.",https://repositorium.sdum.uminho.pt/handle/1822/84051,,,,,,,,,,,,,,leite j m s a turquia no mediterr neo oriental a disputa pelos recursos,,"Leite, J. M. S. (2023). A Turquia no Mediterrâneo oriental: A disputa pelos recursos energéticos [Master’s Thesis, Universidade do Minho]. https://repositorium.sdum.uminho.pt/handle/1822/84051",docx-import,1,manual-import,import-docx,import-docx,1,
prephd-18#217,prephd-18,2,2022,0,"Pereira Lopes Júnior, E., Façanha Câmara, S., & Roberto Pinto, F.",https://doi.org/10.12660/cgpc.v27n88.84884,,,,,,,,,,,,,,pereira lopes j nior e fa anha c mara s roberto pinto f government,,"Pereira Lopes Júnior, E., Façanha Câmara, S., & Roberto Pinto, F. (2022). Government Effectiveness, Corruption, and Decision-Making in State-Owned Enterprises. Cadernos Gestão Pública e Cidadania, 27(88), e84884. https://doi.org/10.12660/cgpc.v27n88.84884",docx-import,1,manual-import,import-docx,import-docx,1,
prephd-18#218,prephd-18,2,2021,0,"Arman, M. N., Parali, Z., Çi̇ftçi̇, S., & Cengi̇z, Ç.",https://dergipark.org.tr/en/pub/ijps/issue/60898/781343,,,,,,,,,,,,,,arman m n parali z i ft i s cengi z the shift in,,"Arman, M. N., Parali, Z., Çi̇ftçi̇, S., & Cengi̇z, Ç. (2021). The Shift in the Energy Policy of Greece after the 2008 Financial Crisis in the Context of Energy Security. International Journal of Politics and Security, 3(2), 82–101. https://dergipark.org.tr/en/pub/ijps/issue/60898/781343",docx-import,1,manual-import,import-docx,import-docx,1,
prephd-18#219,prephd-18,2,2021,0,"Balafas, V., & Fakiolas, E. T.",https://doi.org/10.4018/978-1-7998-7533-8.ch002,,,,,,,,,,,,,,balafas v fakiolas e t branding a potential energy hub as national interest in,,"Balafas, V., & Fakiolas, E. T. (2021). Branding a Potential Energy Hub as National Interest in the Eastern Mediterranean: More Than an Energy Supply Issue. In V. Pistikou, A. Masouras, & M. Komodromos (Eds.), Advances in Marketing, Customer Relationship Management, and E-Services (pp. 18–39). IGI Global. https://doi.org/10.4018/978-1-7998-7533-8.ch002",docx-import,1,manual-import,import-docx,import-docx,1,
prephd-18#220,prephd-18,2,2020,0,"Effiong, U. E., Udofia, B., & Okon, J. I.",http://www.internationaljournalssrg.org/IJEMS/paper-details?Id=717,,,,,,,,,,,,,,effiong u e udofia b okon j i globalization and unemployment empirical evidence from,,"Effiong, U. E., Udofia, B., & Okon, J. I. (2020). Globalization and unemployment: Empirical evidence from West African sub-region. International Journal of Economics and Management Studies, 7(10), 13–21. http://www.internationaljournalssrg.org/IJEMS/paper-details?Id=717",docx-import,1,manual-import,import-docx,import-docx,1,
prephd-18#221,prephd-18,2,2020,0,"Eseosa, O., & Ejiroro, A. E.",http://ijresonline.com/archives/ijres-v7i4p103,,,,,,,,,,,,,,eseosa o ejiroro a e challenges and way forward of renewables in developing energy,,"Eseosa, O., & Ejiroro, A. E. (2020). Challenges and way forward of renewables in developing energy economy: Today and tomorrow. International Journal of Recent Engineering Science - IJRES, 7(4), 14–19. http://ijresonline.com/archives/ijres-v7i4p103",docx-import,1,manual-import,import-docx,import-docx,1,
prephd-18#222,prephd-18,2,2020,0,"Mitropoulou, P.",https://repository.ihu.edu.gr/xmlui/handle/11544/29508,,,,,,,,,,,,,,mitropoulou p the contribution of greece to the liberalization of the energy market in,,"Mitropoulou, P. (2020). The contribution of Greece to the liberalization of the Energy Market in the Balkans [Master’s Thesis]. International Hellenic University, School of Economics, Business Administration & Legal Studies. https://repository.ihu.edu.gr/xmlui/handle/11544/29508",docx-import,1,manual-import,import-docx,import-docx,1,
prephd-17#223,prephd-17,2,2024,0,"Dembele, K.",http://dspace.bu.ac.th/handle/123456789/5774,,,,,,,,,,,,,,dembele k environmental scanning practices and strategic planning at the minor food group in,,"Dembele, K. (2024). Environmental scanning practices and strategic planning at the MINOR Food Group in Thailand [Master thesis, Bangkok University]. http://dspace.bu.ac.th/handle/123456789/5774",docx-import,1,manual-import,import-docx,import-docx,1,
prephd-17#224,prephd-17,2,2023,0,"Cumbo, C. L.",,,,,,,,,,,,,,,cumbo c l strategies for sustaining small family restaurant businesses doctoral dissertation walden university,,"Cumbo, C. L. (2023). Strategies for Sustaining Small Family Restaurant Businesses [Doctoral dissertation]. Walden University.",docx-import,1,manual-import,import-docx,import-docx,1,
prephd-17#225,prephd-17,2,2022,0,"Griffen, S. N.",https://www.proquest.com/docview/2705825848/abstract/7C11BEEFB0994BC3PQ/1,,,,,,,,,,,,,,griffen s n collaborative public management in two police departments to address cross jurisdictional,,"Griffen, S. N. (2022). Collaborative Public Management in Two Police Departments to Address Cross-Jurisdictional Boundaries: A Descriptive Case Study [D.B.A., Northcentral University]. In ProQuest Dissertations and Theses. https://www.proquest.com/docview/2705825848/abstract/7C11BEEFB0994BC3PQ/1",docx-import,1,manual-import,import-docx,import-docx,1,
prephd-17#226,prephd-17,2,2022,0,"Γερακάρης Γερακαράκης, Ν.",https://polynoe.lib.uniwa.gr/xmlui/handle/11400/2777,,,,,,,,,,,,,,business plan master s thesis university of west attica,,"Γερακάρης Γερακαράκης, Ν. (2022). Business plan για την ίδρυση ηλεκτρονικού φροντιστηρίου ξένων γλωσσών. Έρευνα για την άποψη υποψήφιων πελατών [Master’s Thesis, University of West Attica]. https://polynoe.lib.uniwa.gr/xmlui/handle/11400/2777",docx-import,1,manual-import,import-docx,import-docx,1,
prephd-17#227,prephd-17,2,,0,"Pauliukevičienė, G., & Stankevičienė, J.",http://cibmee.vgtu.lt/index.php/verslas/2021/paper/view/590,,,,,,,,,,,,,,pauliukevi ien g stankevi ien j 2021 may 17 assessment of the impact of,,"Pauliukevičienė, G., & Stankevičienė, J. (2021, May 17). Assessment of the Impact of External Environment on Fintech Development. International Scientific Conference “Contemporary Issues in Business, Management and Economics Engineering”. International Scientific Conference “Contemporary Issues in Business, Management and Economics Engineering.” http://cibmee.vgtu.lt/index.php/verslas/2021/paper/view/590",docx-import,1,manual-import,import-docx,import-docx,1,
prephd-17#228,prephd-17,2,2021,0,"Ryan, J., & Silvanto, S.",https://doi.org/10.1108/JGM-01-2021-0004,2,2021,B,2019,,,1,,1,2.3,2023,,,ryan j silvanto s an examination of the influence of business environments on the,"ABS 2021: 2, ABDC 2019: B, Scopus, WoS (Impact Factor 2023: 2.3)","Ryan, J., & Silvanto, S. (2021). An examination of the influence of business environments on the attraction of globally mobile self-initiated expatriates. Journal of Global Mobility, 9(3), 382–407. https://doi.org/10.1108/JGM-01-2021-0004",docx-import,1,manual-import,import-docx,import-docx,1,
prephd-17#229,prephd-17,2,2021,0,"Shtoka, E. T.",https://doi.org/10.31520/ei.2021.23.3(80).391-398,,,,,,,,,,,,,,shtoka e t conceptual model of stable development of the market of innovative technologies,,"Shtoka, E. T. (2021). Conceptual Model of Stable Development of the Market of Innovative Technologies in Ukraine on the Basis of Transformation of the Entrepreneurial Environment. Economic Innovations, 23(3(80)), 391–398. https://doi.org/10.31520/ei.2021.23.3(80).391-398",docx-import,1,manual-import,import-docx,import-docx,1,
prephd-17#230,prephd-17,2,2020,0,"Luomaranta, T.",https://researchportal.tuni.fi/en/publications/additive-manufacturing-innovations-stakeholders-influence-in-enha,,,,,,,,,,,,,,luomaranta t additive manufacturing innovations stakeholders influence in enhancing sustainability and responsibility xxxi ispim,,"Luomaranta, T. (2020). Additive manufacturing innovations: Stakeholders’ influence in enhancing sustainability and responsibility. XXXI ISPIM Innovation Conference: Innovating in Times of Crisis (Virtual Event). ISPIM Innovation Conference. https://researchportal.tuni.fi/en/publications/additive-manufacturing-innovations-stakeholders-influence-in-enha",docx-import,1,manual-import,import-docx,import-docx,1,
prephd-16#231,prephd-16,2,2021,0,"Incio Cabanillas, R. K., & Ramos Villena, S. M.",,,,,,,,,,,,,,,incio cabanillas r k ramos villena s m la gesti n del cambio e,,"Incio Cabanillas, R. K., & Ramos Villena, S. M. (2021). La gestión del cambio e innovación organizacional. Revisión sistemática [Master’s Thesis]. Universidad César Vallejo.",docx-import,1,manual-import,import-docx,import-docx,1,
prephd-15#232,prephd-15,2,2023,0,"Wahid, A., & Khalid, G. K.",,,,,,,,,,,,,,,wahid a khalid g k building up policy framework for business incubation ecosystem in,,"Wahid, A., & Khalid, G. K. (2023). Building-up Policy Framework for Business Incubation Ecosystem in Pakistan. 3RD RASTA CONFERENCE, Thursday 14th & Friday 15th September 2023, Gun & Country Club, Islamabad.",docx-import,1,manual-import,import-docx,import-docx,1,
prephd-15#233,prephd-15,2,,0,"Klepić, I.",,,,,,,,,,,,,,,klepi i 2022 january 1 the influence of human resources competency management on the,,"Klepić, I. (2022, January 1). The influence of human resources competency management on the business performance of small and medium enterprises from the internal business processes perspective and the learning and growth perspective. 9th REDETE conference “Present and Future Challenges in Regional Development in the Adriatic-Ionian Region / Researching economic development and entrepreneurship in transition economies,” Ankona, Italy.",docx-import,1,manual-import,import-docx,import-docx,1,
prephd-15#234,prephd-15,2,2022,0,"Stankovic, T.",https://www.researchgate.net/publication/370711186_Migration_Problem_in_Light_of_EU_Conservativism_and_a_Multi-layer_Solution_Approach/references,,,,,,,,,,,,,,stankovic t migration problem in light of eu conservativism and a multi layer solution,,"Stankovic, T. (2022). Migration Problem in Light of EU Conservativism and a Multi-layer Solution Approach. 9th REDETE Conference 2022: Present and Future Challenges in Regional Development in the Adriatic-Ionian Region, Ancona, Italy. https://www.researchgate.net/publication/370711186_Migration_Problem_in_Light_of_EU_Conservativism_and_a_Multi-layer_Solution_Approach/references",docx-import,1,manual-import,import-docx,import-docx,1,
prephd-14#235,prephd-14,2,2025,0,"Altiparmak, S. O., Thies, C. G., & Shutters, S. T.",https://doi.org/10.3390/su17135998,,,,,,,1,,1,3.0,2024,,,altiparmak s o thies c g shutters s t the geoeconomics of renewable energy,"Scopus, WoS (Impact Factor 2024: 3.0)","Altiparmak, S. O., Thies, C. G., & Shutters, S. T. (2025). The Geoeconomics of Renewable Energy: China’s Strategic Positioning and Impact on the EU Market. Sustainability, 17(13), 5998. https://doi.org/10.3390/su17135998",docx-import,1,manual-import,import-docx,import-docx,1,
prephd-14#236,prephd-14,2,2023,0,"Загоруйко, І. О., & Петкова, Л. О.",https://doi.org/10.24025/2306-4420.68.2023.284511,,,,,,,,,,,,,,68 135 149,,"Загоруйко, І. О., & Петкова, Л. О. (2023). Проблема цивілізаційного вибору: Багатофакторна функція експорту. Збірник наукових праць Черкаського державного технологічного університету. Серія: Економічні науки, 68, 135–149. https://doi.org/10.24025/2306-4420.68.2023.284511",docx-import,1,manual-import,import-docx,import-docx,1,
prephd-14#237,prephd-14,2,2023,0,"Загоруйко, І. О., & Петкова, Л. О.",https://doi.org/10.24025/2306-4420.68.2023.284511,,,,,,,,,,,,,,the problem of civilizational choice the multifactor function of export 68 article 68,,"Загоруйко, І. О., & Петкова, Л. О. (2023). The Problem of Civilizational Choice: The Multifactor Function of Export. Збірник наукових праць Черкаського державного технологічного університету. Серія: Економічні науки, 68, Article 68. https://doi.org/10.24025/2306-4420.68.2023.284511",docx-import,1,manual-import,import-docx,import-docx,1,
prephd-14#238,prephd-14,2,2023,0,"Zhang, R., D’Andrea, J., & Lang, C.",https://doi.org/10.3390/su15097562,,,,,,,1,,1,3.889,2022,,,zhang r d andrea j lang c gifts and commodities a dialectical thought experiment,"Scopus, WoS (Impact Factor 2022: 3.889)","Zhang, R., D’Andrea, J., & Lang, C. (2023). Gifts and Commodities: A Dialectical Thought Experiment for Sublation. Sustainability, 15(9), Article 9. https://doi.org/10.3390/su15097562",docx-import,1,manual-import,import-docx,import-docx,1,
prephd-14#239,prephd-14,2,2022,0,"Mousavi Nogholi, M., Haji-Yousefi, A. M., & Mousavi Shafaee, S. M.",https://doi.org/10.22034/isj.2022.317526.1664,,,,,,,,,,,,,,mousavi nogholi m haji yousefi a m mousavi shafaee s m the impact of,,"Mousavi Nogholi, M., Haji-Yousefi, A. M., & Mousavi Shafaee, S. M. (2022). The Impact of Technological Disruption on the Geoeconomic Status of Countries: Iran as a Case Study. International Studies Journal (ISJ), 18(4), 201–226. https://doi.org/10.22034/isj.2022.317526.1664",docx-import,1,manual-import,import-docx,import-docx,1,
prephd-14#240,prephd-14,2,2022,0,"Pfeiffer, C.",https://nbn-resolving.org/urn:nbn:ch:bel-2335535,,,,,,,,,,,,,,pfeiffer c geoeconomics re conceptualized a neoliberal approach doctoral dissertation universit t st gallen,,"Pfeiffer, C. (2022). Geoeconomics (re-)conceptualized: A neoliberal approach [Doctoral dissertation, Universität St. Gallen]. https://nbn-resolving.org/urn:nbn:ch:bel-2335535",docx-import,1,manual-import,import-docx,import-docx,1,
prephd-14#241,prephd-14,2,2021,0,"Almujeem, N. S.",https://doi.org/10.1108/REPS-11-2019-0152,,,,,,1,1,,,,,,,almujeem n s gcc countries geoeconomic significance to china s geopolitical ends review of,"Scopus, EconLit","Almujeem, N. S. (2021). GCC countries’ geoeconomic significance to China’s geopolitical ends. Review of Economics and Political Science, ahead-of-print(ahead-of-print). https://doi.org/10.1108/REPS-11-2019-0152",docx-import,1,manual-import,import-docx,import-docx,1,
prephd-14#242,prephd-14,2,2020,0,"Olsen, K. B.",https://repository.uantwerpen.be/docstore/d:irua:2748,,,,,,,,,,,,,,olsen k b networked practices of european geoeconomic diplomacy doctoral dissertation university of antwerp,,"Olsen, K. B. (2020). Networked Practices of European Geoeconomic Diplomacy [Doctoral dissertation, University of Antwerp]. https://repository.uantwerpen.be/docstore/d:irua:2748",docx-import,1,manual-import,import-docx,import-docx,1,
prephd-13#243,prephd-13,2,2025,0,"Sonboli, A., & Bafande Zendeh, A.",https://doi.org/10.61838/kman.ijimob.5.4.1,,,,,,,,,,,,,,sonboli a bafande zendeh a identifying key competitive factors in industrial enterprises producing and,,"Sonboli, A., & Bafande Zendeh, A. (2025). Identifying Key Competitive Factors in Industrial Enterprises Producing and Supplying Chemical Products in the Northwest Region of the Country Using Thematic Analysis. International Journal of Innovation Management and Organizational Behavior, 5(4), 1–7. https://doi.org/10.61838/kman.ijimob.5.4.1",docx-import,1,manual-import,import-docx,import-docx,1,
prephd-12#244,prephd-12,2,2024,0,"Babangida-Sabo, S., Avemaria Utulu, S. C., & Ajibesin, A.",https://doi.org/10.1109/SEB4SDG60871.2024.10630013,,,,,,,,,,,,,,babangida sabo s avemaria utulu s c ajibesin a sustainable development goal 17 and,,"Babangida-Sabo, S., Avemaria Utulu, S. C., & Ajibesin, A. (2024). Sustainable Development Goal-17 and Nigeria Data Protection Regulation Adoption among Organizations in Nigeria. 2024 International Conference on Science, Engineering and Business for Driving Sustainable Development Goals (SEB4SDG), 1–6. https://doi.org/10.1109/SEB4SDG60871.2024.10630013",docx-import,1,manual-import,import-docx,import-docx,1,
prephd-12#245,prephd-12,2,2024,0,"Executive Secretary, JSS Mahavidyapeetha, Mysuru, 570004, Karnataka, India, Bets",https://doi.org/10.17485/IJST/v17i6.2711,,,,,,,,,1,,,,,executive secretary jss mahavidyapeetha mysuru 570004 karnataka india betsurmath c g mamatha h k,WoS,"Executive Secretary, JSS Mahavidyapeetha, Mysuru, 570004, Karnataka, India, Betsurmath, C. G., Mamatha, H. K., Chidambaram, S. B., & Prashant, V. (2024). Design, Development and Validation of a Digital Performance Based Appraisal System: A Planned Approach in Change Management. Indian Journal of Science and Technology, 17(6), 548–555. https://doi.org/10.17485/IJST/v17i6.2711",docx-import,1,manual-import,import-docx,import-docx,1,
prephd-12#246,prephd-12,2,2021,0,"Falaras, A., & Moschidis, O.",https://doi.org/10.1142/S1084946721500047,,,,,,1,1,,1,1.3,2023,,,falaras a moschidis o the characteristics that affect agricultural innovation in greece and risk,"Scopus, WoS (Impact Factor 2023: 1.3), EconLit","Falaras, A., & Moschidis, O. (2021). The characteristics that affect agricultural innovation in Greece and risk willingness. Journal of Developmental Entrepreneurship, 2150004. https://doi.org/10.1142/S1084946721500047",docx-import,1,manual-import,import-docx,import-docx,1,
prephd-11#247,prephd-11,2,2020,0,"Kalyugina, S., Pyanov, A., & Strielkowski, W.",http://ecsocman.hse.ru/data/2020/04/26/1251891676/JIS_12.1_7.pdf,,,,,,,,,,,,,,kalyugina s pyanov a strielkowski w threats and risks of intellectual security in russia,,"Kalyugina, S., Pyanov, A., & Strielkowski, W. (2020). Threats and risks of intellectual security in Russia in the conditions of world globalization. Journal of Institutional Studies, 12(1), 117–127. http://ecsocman.hse.ru/data/2020/04/26/1251891676/JIS_12.1_7.pdf",docx-import,1,manual-import,import-docx,import-docx,1,
prephd-10#248,prephd-10,2,2025,0,"Kumar, A., Arora, N., Rawat, S., Mishra, R. K., Deshpande, A., Hotha, S., & Bhas",https://doi.org/10.1016/j.envres.2025.121854,,,,,,,1,,1,7.7,2024,,,kumar a arora n rawat s mishra r k deshpande a hotha s bhaskar,"Scopus, WoS (Impact Factor 2024: 7.7)","Kumar, A., Arora, N., Rawat, S., Mishra, R. K., Deshpande, A., Hotha, S., & Bhaskar, T. (2025). Biomass-based carbon material for next-generation sodium-ion batteries: Insights and SWOT evaluation. Environmental Research, 279, 121854. https://doi.org/10.1016/j.envres.2025.121854",docx-import,1,manual-import,import-docx,import-docx,1,
prephd-10#249,prephd-10,2,2024,0,"Ardila Saray, L. M.",http://hdl.handle.net/10882/13877,,,,,,,,,,,,,,ardila saray l m metodolog a para la certificaci n leed en operaci n,,"Ardila Saray, L. M. (2024). Metodología para la certificación LEED en operación y mantenimiento para la Universidad Ean [Master thesis, Universidad Ean]. http://hdl.handle.net/10882/13877",docx-import,1,manual-import,import-docx,import-docx,1,
prephd-10#250,prephd-10,2,2024,0,"Jalalova, B. D.",,,,,,,,,,,,,,,jalalova b d zad n diplomov pr ce master thesis esk zem d lsk,,"Jalalova, B. D. (2024). ZADÁNÍ DIPLOMOVÉ PRÁCE [Master thesis]. Česká zemědělská univerzita v Praze.",docx-import,1,manual-import,import-docx,import-docx,1,
prephd-10#251,prephd-10,2,2024,0,"Thamrin, H., Oktafiani, D., Rasyid, I. I., & Fauzi, I. M.",https://doi.org/10.21456/vol14iss2pp143-152,,,,,,,,,,,,,,thamrin h oktafiani d rasyid i i fauzi i m classification of swot statements,,"Thamrin, H., Oktafiani, D., Rasyid, I. I., & Fauzi, I. M. (2024). Classification of SWOT Statements Employing BERT Pre-Trained Model Embedding. Jurnal Sistem Informasi Bisnis, 14(2), 143–152. https://doi.org/10.21456/vol14iss2pp143-152",docx-import,1,manual-import,import-docx,import-docx,1,
prephd-10#252,prephd-10,2,2024,0,"Palazzo, M., Palazzo, M., & Micozzi, A.",https://doi.org/10.1108/978-1-83797-204-320241001,,,,,,,1,,,,,,,palazzo m palazzo m micozzi a introduction to rethinking decision making strategies and tools,Scopus,"Palazzo, M., Palazzo, M., & Micozzi, A. (2024). Introduction to ‘Rethinking Decision-Making Strategies and Tools: Emerging Research and Opportunities.’ In Rethinking Decision-Making Strategies and Tools: Emerging Research and Opportunities (pp. 3–7). Emerald Publishing Limited. https://doi.org/10.1108/978-1-83797-204-320241001",docx-import,1,manual-import,import-docx,import-docx,1,
prephd-10#253,prephd-10,2,2024,0,"Palazzo, M., Palazzo, M., & Micozzi, A.",https://doi.org/10.1108/978-1-83797-204-320241004,,,,,,,1,,,,,,,palazzo m palazzo m micozzi a the swot analysis an evolving decision making model,Scopus,"Palazzo, M., Palazzo, M., & Micozzi, A. (2024). The SWOT Analysis: An Evolving Decision-Making Model. In Rethinking Decision-Making Strategies and Tools: Emerging Research and Opportunities (pp. 53–70). Emerald Publishing Limited. https://doi.org/10.1108/978-1-83797-204-320241004",docx-import,1,manual-import,import-docx,import-docx,1,
prephd-10#254,prephd-10,2,2024,0,"Yu, H.",https://doi.org/10.1080/10670564.2023.2214077,,,,,,,1,,1,2.6,2022,,,yu h regional development in china under the dual circulation strategy the case of,"Scopus, WoS (Impact Factor 2022: 2.6)","Yu, H. (2024). Regional Development in China Under the “Dual-Circulation” Strategy: The Case of Guangdong-Hong Kong-Macau Greater Bay Area. Journal of Contemporary China, 33(148), 683–703. https://doi.org/10.1080/10670564.2023.2214077",docx-import,1,manual-import,import-docx,import-docx,1,
prephd-10#255,prephd-10,2,2024,0,"Arifianto, T.",https://doi.org/10.55372/tanzhim.v2i1.20,,,,,,,,,,,,,,arifianto t strategi dakwah pendekatan kualitatif upaya rekonstruksi prosedur formulasi strategi tanzhim jurnal dakwah,,"Arifianto, T. (2024). Strategi Dakwah Pendekatan Kualitatif: Upaya Rekonstruksi Prosedur Formulasi Strategi. Tanzhim: Jurnal Dakwah Terprogram, 2(1), Article 1. https://doi.org/10.55372/tanzhim.v2i1.20",docx-import,1,manual-import,import-docx,import-docx,1,
prephd-10#256,prephd-10,2,2023,0,"Sutomo, S., & Mukhlis, I.",https://doi.org/10.37385/msej.v4i6.3830,,,,,,,,,,,,,,sutomo s mukhlis i food and beverage business innovation in higher education environments swot,,"Sutomo, S., & Mukhlis, I. (2023). Food And Beverage Business Innovation In Higher Education Environments: SWOT Analysis And Digital Literacy Empowerment. Management Studies and Entrepreneurship Journal (MSEJ), 4(6), Article 6. https://doi.org/10.37385/msej.v4i6.3830",docx-import,1,manual-import,import-docx,import-docx,1,
prephd-10#257,prephd-10,2,2024,0,"Van Belle, M. J. R., Gajdoš Kmecová, N., Tuyttens, F. A. M., Mills, D. S., & De",https://doi.org/10.1016/j.applanim.2023.106133,,,,,,,1,,,,,,,van belle m j r gajdo kmecov n tuyttens f a m mills d,Scopus,"Van Belle, M. J. R., Gajdoš Kmecová, N., Tuyttens, F. A. M., Mills, D. S., & De Keuster, T. C. B. M. (2024). Involving caregivers in behavioural research: A SWOT analysis of two citizen science research methodologies to study cat-cat interactions at home. Applied Animal Behaviour Science, 270, 106133. https://doi.org/10.1016/j.applanim.2023.106133",docx-import,1,manual-import,import-docx,import-docx,1,
prephd-10#258,prephd-10,2,2023,0,"Zamani-Farahani, H., Parvin, R., & Yeager, E. P.",,,,,,,,,,,,,,,zamani farahani h parvin r yeager e p an analysis of the iranian hospitality,,"Zamani-Farahani, H., Parvin, R., & Yeager, E. P. (2023). An Analysis of the Iranian Hospitality Industry Amidst Sars-Cov-2 (COVID-19) Pandemic. Journal of Global Economy, Trade and International Business, 3(1), 41–70.",docx-import,1,manual-import,import-docx,import-docx,1,
prephd-10#259,prephd-10,2,2023,0,"Yu, H.",https://doi.org/10.1080/10670564.2023.2214077,,,,,,,1,,,,,,,yu h regional development in china under the dual circulation strategy the case of,Scopus,"Yu, H. (2023). Regional Development in China Under the “Dual-Circulation” Strategy: The Case of Guangdong-Hong Kong-Macau Greater Bay Area. Journal of Contemporary China, 0(0), 1–21. https://doi.org/10.1080/10670564.2023.2214077",docx-import,1,manual-import,import-docx,import-docx,1,
prephd-10#260,prephd-10,2,2023,0,"Manasa, R., & Devi, A. J.",https://doi.org/10.47992/IJCSBE.2581.6942.0261,,,,,,,,,,,,,,manasa r devi a j cyber security attacks detecting thread in the virtual world,,"Manasa, R., & Devi, A. J. (2023). Cyber Security Attacks Detecting Thread in the Virtual World of Corporate Sectors. International Journal of Case Studies in Business, IT and Education (IJCSBE), 7(2), Article 2. https://doi.org/10.47992/IJCSBE.2581.6942.0261",docx-import,1,manual-import,import-docx,import-docx,1,
prephd-10#261,prephd-10,2,2023,0,"Cusi, A., Ferri, A., Micozzi, A., & Palazzo, M.",https://doi.org/10.1108/TQM-11-2022-0332,1,2021,B,2022,,,1,,,,,,,cusi a ferri a micozzi a palazzo m from swot a bidimensional diagnostic tool,"ABS 2021: 1, ABDC 2022: B, Scopus","Cusi, A., Ferri, A., Micozzi, A., & Palazzo, M. (2023). From SWOT, a bidimensional diagnostic tool, to a new 3D strategic model. The TQM Journal, ahead-of-print(ahead-of-print). https://doi.org/10.1108/TQM-11-2022-0332",docx-import,1,manual-import,import-docx,import-docx,1,
prephd-10#262,prephd-10,2,2022,0,"Budijati, S. M., Astuti, F. H., Jatiningrum, W. S., & Ichwanudin, A.",https://doi.org/10.12928/spekta.v3i1.6099,,,,,,,,,,,,,,budijati s m astuti f h jatiningrum w s ichwanudin a determining the priority,,"Budijati, S. M., Astuti, F. H., Jatiningrum, W. S., & Ichwanudin, A. (2022). Determining the Priority of Business Development Strategy for Kunir Jalak Business Unit, SMK Muhammadiyah 1 Moyudan, Sleman. SPEKTA (Jurnal Pengabdian Kepada Masyarakat : Teknologi Dan Aplikasi), 3(1), 81–90. https://doi.org/10.12928/spekta.v3i1.6099",docx-import,1,manual-import,import-docx,import-docx,1,
prephd-10#263,prephd-10,2,2022,0,"Choo, E. Y.",https://doi.org/10.18844/gjbem.v12i2.6094,,,,,,,,,,,,,,choo e y report on the performance management practices of organisation the case of,,"Choo, E. Y. (2022). Report on the performance management practices of organisation: The case of American Insurance Association in Malaysia. Global Journal of Business, Economics and Management: Current Issues, 12(2), 141–152. https://doi.org/10.18844/gjbem.v12i2.6094",docx-import,1,manual-import,import-docx,import-docx,1,
prephd-10#264,prephd-10,2,2022,0,"Olabi, A. G., Wilberforce, T., Sayed, E. T., Abo-Khalil, A. G., Maghrabie, H. M.",https://doi.org/10.1016/j.energy.2022.123987,,,,,,,1,,1,9.0,2023,,,olabi a g wilberforce t sayed e t abo khalil a g maghrabie h,"Scopus, Wos (Impact Factor 2023: 9.0)","Olabi, A. G., Wilberforce, T., Sayed, E. T., Abo-Khalil, A. G., Maghrabie, H. M., Elsaid, K., & Abdelkareem, M. A. (2022). Battery energy storage systems and SWOT (strengths, weakness, opportunities, and threats) analysis of batteries in power transmission. Energy, 254, 123987. https://doi.org/10.1016/j.energy.2022.123987",docx-import,1,manual-import,import-docx,import-docx,1,
prephd-10#265,prephd-10,2,2021,0,"Lemay, M. A., Radcliffe, J., Bysouth, D., & Spring, A.",https://doi.org/10.3389/fsufs.2021.661538,,,,,,,1,,1,5.005,2022,,,lemay m a radcliffe j bysouth d spring a northern food systems in transition,"Scopus, WoS (Impact Factor 2022: 5.005)","Lemay, M. A., Radcliffe, J., Bysouth, D., & Spring, A. (2021). Northern Food Systems in Transition: The Role of the Emerging Agri-Food Industry in the Northwest Territories (Canada) Food System. Frontiers in Sustainable Food Systems, 5, 661538. https://doi.org/10.3389/fsufs.2021.661538",docx-import,1,manual-import,import-docx,import-docx,1,
prephd-10#266,prephd-10,2,2021,0,"Molkoska, A.",http://dspace.unive.it/handle/10579/18888,,,,,,,,,,,,,,molkoska a marketing decisions using a swot ahp approach master s thesis universit ca,,"Molkoska, A. (2021). Marketing decisions using a SWOT-AHP approach [Master’s Thesis, Università Ca’ Foscari Venezia]. http://dspace.unive.it/handle/10579/18888",docx-import,1,manual-import,import-docx,import-docx,1,
prephd-10#267,prephd-10,2,2021,0,"Oe, H., & Nguyễn, H.",https://doi.org/10.1504/IJMDM.2021.116025,1,2021,,,,,1,,,,,,,oe h nguy n h opportunities challenges and the future of cruise ship tourism,"ABS 2021: 1, Scopus","Oe, H., & Nguyễn, H. (2021). Opportunities, challenges, and the future of cruise ship tourism: Beyond COVID-19 with ubiquitous information sharing and decision-making. International Journal of Management and Decision Making, 20(3), 221–240. https://doi.org/10.1504/IJMDM.2021.116025",docx-import,1,manual-import,import-docx,import-docx,1,
prephd-10#268,prephd-10,2,2020,0,"Diti, I., Legler, S. E., Caffi, T., Rossi, V., Canali, G., Bosso, A., Cancila, E",https://doi.org/10.1016/j.catena.2020.104788,,,,,,,1,,1,6.367,2022,,,diti i legler s e caffi t rossi v canali g bosso a cancila,"Scopus, WoS (Impact Factor 2022: 6.367)","Diti, I., Legler, S. E., Caffi, T., Rossi, V., Canali, G., Bosso, A., Cancila, E., Anelli, S., Trioli, G., Kleshcheva, E., Gatti, M., & Poni, S. (2020). A new integrated approach for management of soil threats in the vineyard ecosystem. Catena, 195, 104788. https://doi.org/10.1016/j.catena.2020.104788",docx-import,1,manual-import,import-docx,import-docx,1,
prephd-10#269,prephd-10,2,2020,0,"Kalafsky, R. V., & Samarin, M.",https://doi.org/10.1080/00221341.2020.1804604,,,,,,,1,,1,2.043,2022,,,kalafsky r v samarin m developing analytical skills in economic geography portuguese clusters and,"Scopus, WoS (Impact Factor 2022: 2.043)","Kalafsky, R. V., & Samarin, M. (2020). Developing analytical skills in economic geography: Portuguese clusters and their export potential. Journal of Geography, 119(5), 183–194. https://doi.org/10.1080/00221341.2020.1804604",docx-import,1,manual-import,import-docx,import-docx,1,
prephd-10#270,prephd-10,2,2020,0,"Pozo-Llorente, M. T., & Poza-Vilches, M. de F.",https://doi.org/10.3390/educsci10120392,,,,,,,1,,1,2.5,2023,,,pozo llorente m t poza vilches m de f evaluation of strengths of dual,"Scopus, WoS (Impact Factor 2023: 2.5)","Pozo-Llorente, M. T., & Poza-Vilches, M. de F. (2020). Evaluation of Strengths of Dual Vocational Educational Training in Andalusia (Spain): A Stake on the Future. Education Sciences, 10(12), 1–24. https://doi.org/10.3390/educsci10120392",docx-import,1,manual-import,import-docx,import-docx,1,
prephd-10#271,prephd-10,2,2021,0,"Rahardyana, R., & Soepatini, S. E.",http://eprints.ums.ac.id/90419/,,,,,,,,,,,,,,rahardyana r soepatini s e pest analysis of halal hanwoo beef business in south,,"Rahardyana, R., & Soepatini, S. E. (2021). PEST analysis of Halal Hanwoo beef business in South Korea [Dissertation, Universitas Muhammadiyah Surakarta]. http://eprints.ums.ac.id/90419/",docx-import,1,manual-import,import-docx,import-docx,1,
prephd-10#272,prephd-10,2,2020,0,"Serpa, S., Ferreira, C. M., & José Sá, M.",https://doi.org/10.36941/ajis-2020-0065,,,,,,,1,,,,,,,serpa s ferreira c m jos s m the potential of organisations swot diagnostic,Scopus,"Serpa, S., Ferreira, C. M., & José Sá, M. (2020). The Potential of Organisations’ SWOT Diagnostic Assessment. Academic Journal of Interdisciplinary Studies, 9(4), 93. https://doi.org/10.36941/ajis-2020-0065",docx-import,1,manual-import,import-docx,import-docx,1,
prephd-09#273,prephd-09,2,2025,0,"Challoumis, C.",https://doi.org/10.3390/economies13080230,1,2021,C,2022,,1,1,,1,2.1,2024,,,challoumis c economocracy global economic governance economies 13 8 230,"ABS 2021: 1, ABDC 2022: C, Scopus, WoS (Impact Factor 2024: 2.1), EconLit","Challoumis, C. (2025). Economocracy: Global Economic Governance. Economies, 13(8), 230. https://doi.org/10.3390/economies13080230",docx-import,1,manual-import,import-docx,import-docx,1,
prephd-09#274,prephd-09,2,2025,0,"Challoumis, C.",https://doi.org/10.37075/EA.2025.2.03,,,,,,,1,,,,,,,challoumis c the inflation according to the cycle of money c m economic alternatives,Scopus,"Challoumis, C. (2025). The Inflation According to the Cycle of Money (C.M.). Economic Alternatives, 31(2), 324–353. https://doi.org/10.37075/EA.2025.2.03",docx-import,1,manual-import,import-docx,import-docx,1,
prephd-09#275,prephd-09,2,2024,0,"Faugoo, D., & Deesoruth, R.",,,,,,,,,,,,,,,faugoo d deesoruth r country insights into progressive change management lessons for mauritius international,,"Faugoo, D., & Deesoruth, R. (2024). Country Insights into Progressive Change Management: Lessons for Mauritius. International Journal of Business and Technology Management, 6(3), Article 3.",docx-import,1,manual-import,import-docx,import-docx,1,
prephd-09#276,prephd-09,2,2023,0,"Σμπυρακος, Κ.",https://apothesis.eap.gr/archive/item/187339,,,,,,,,,,,,,,financial and theoretical analysis of supermarket chains igreece and abroad in basic consumer goods,,"Σμπυρακος, Κ. (2023). Financial and theoretical analysis of supermarket chains iGreece and abroad in basic consumer goods( food- drinks) during the years ( 2009 until the time of pandemic 2021) [Master’s Thesis, Hellenic Open University]. https://apothesis.eap.gr/archive/item/187339",docx-import,1,manual-import,import-docx,import-docx,1,
prephd-09#277,prephd-09,2,2023,0,"Agripino, N. E., Maracajá, K. F. B., & Dias, J. V.",https://doi.org/10.1007/978-3-031-40304-0_12,,,,,,,1,,,,,,,agripino n e maracaj k f b dias j v strategic planning and business,Scopus,"Agripino, N. E., Maracajá, K. F. B., & Dias, J. V. (2023). Strategic Planning and Business Sustainability in Agribusiness: Analysis in a Model Farm in Brazil. In P. Singh, A. Yadav, I. Chowdhury, & R. P. Singh (Eds.), Green Circular Economy: A New Paradigm for Sustainable Development (pp. 235–258). Springer International Publishing. https://doi.org/10.1007/978-3-031-40304-0_12",docx-import,1,manual-import,import-docx,import-docx,1,
prephd-09#278,prephd-09,2,2023,0,"Langbroek, T.",,,,,,,,,,,,,,,langbroek t coordination in public sector innovation projects for the establishment of synergy the,,"Langbroek, T. (2023). Coordination in public sector innovation projects for the establishment of synergy. The Innovation Journal: The Public Sector Innovation Journal, 28(2), 1–20.",docx-import,1,manual-import,import-docx,import-docx,1,
prephd-09#279,prephd-09,2,2023,0,"Nguyen, T. T.",https://doi.org/10.1007/978-981-99-0490-7_1,,,,,,,,,,,,,,nguyen t t the united states china trade war the inevitable strategic competition in,,"Nguyen, T. T. (2023). The United States-China Trade War—The Inevitable Strategic Competition. In A. T. Nguyen, T. T. Pham, J. Song, Y.-L. Lin, & M. C. Dong (Eds.), Contemporary Economic Issues in Asian Countries: Proceeding of CEIAC 2022, Volume 2 (pp. 1–8). Springer Nature. https://doi.org/10.1007/978-981-99-0490-7_1",docx-import,1,manual-import,import-docx,import-docx,1,
prephd-09#280,prephd-09,2,2023,0,"Challoumis, C.",https://doi.org/10.51798/sijis.v4i3.620,,,,,,,,,,,,,,challoumis c index of the cycle of money the case of costa rica sapienza,,"Challoumis, C. (2023). Index of the cycle of money: The case of Costa Rica. Sapienza: International Journal of Interdisciplinary Studies, 4(3), Article 3. https://doi.org/10.51798/sijis.v4i3.620",docx-import,1,manual-import,import-docx,import-docx,1,
prephd-09#281,prephd-09,2,2023,0,"Nguyen, T. T.",https://doi.org/10.1007/978-981-99-0490-7_1,,,,,,,,,,,,,,nguyen t t the united states china trade war the inevitable strategic competition in,,"Nguyen, T. T. (2023). The United States-China Trade War—The Inevitable Strategic Competition. In A. T. Nguyen, T. T. Pham, J. Song, Y.-L. Lin, & M. C. Dong (Eds.), Contemporary Economic Issues in Asian Countries: Proceeding of CEIAC 2022, Volume 2 (pp. 1–8). Springer Nature. https://doi.org/10.1007/978-981-99-0490-7_1",docx-import,1,manual-import,import-docx,import-docx,1,
prephd-09#282,prephd-09,2,2022,0,"Gouvêa, M. L.",https://estudogeral.uc.pt/handle/10316/105097,,,,,,,,,,,,,,gouv a m l prediction of financial crises in southern europe and ireland master,,"Gouvêa, M. L. (2022). Prediction Of Financial Crises In Southern Europe and Ireland [Master’s Thesis, Universidade de Coimbra]. https://estudogeral.uc.pt/handle/10316/105097",docx-import,1,manual-import,import-docx,import-docx,1,
prephd-09#283,prephd-09,2,2021,0,"Mann, S.",https://doi.org/10.3390/agriculture11070601,,,,,,,1,,1,3.408,2022,,,mann s synthesizing knowledge about structural change in agriculture the integration of disciplines and,"Scopus, WoS (Impact Factor 2022: 3.408)","Mann, S. (2021). Synthesizing Knowledge about Structural Change in Agriculture: The Integration of Disciplines and Aggregation Levels. Agriculture, 11(7), Article 7. https://doi.org/10.3390/agriculture11070601",docx-import,1,manual-import,import-docx,import-docx,1,
prephd-09#284,prephd-09,2,2021,0,"Torres, G., & Yvette, M. V.",,,,,,,,,,,,,,,torres g yvette m v institutional change and transparency practices in the national audit,,"Torres, G., & Yvette, M. V. (2021). Institutional Change and Transparency Practices in the National Audit Office of Peru [Master’s Thesis]. University of Helsinki, Faculty of Social Sciences.",docx-import,1,manual-import,import-docx,import-docx,1,
prephd-09#285,prephd-09,2,2021,0,"Κουδουνά, Α.",https://repo.lib.duth.gr/jspui/handle/123456789/13453,,,,,,,,,,,,,,master s thesis democritus university of thrace,,"Κουδουνά, Α. (2021). Η προώθηση των ξένων επενδύσεων στον τομέα της ενέργειας [Master’s Thesis, Democritus University of Thrace]. https://repo.lib.duth.gr/jspui/handle/123456789/13453",docx-import,1,manual-import,import-docx,import-docx,1,
prephd-09#286,prephd-09,2,2020,0,"Kamutiba, F.",https://scholar.sun.ac.za:443/handle/10019.1/109320,,,,,,,,,,,,,,kamutiba f investigating the appropriateness of consolidation loans to mitigate household over indebtedness in,,"Kamutiba, F. (2020). Investigating the appropriateness of consolidation loans to mitigate household over-indebtedness in South Africa [Thesis, Stellenbosch : Stellenbosch University]. https://scholar.sun.ac.za:443/handle/10019.1/109320",docx-import,1,manual-import,import-docx,import-docx,1,
prephd-09#287,prephd-09,2,2020,0,"Tsitouras, A., Mitrakos, P., Tsimpida, C., Vlachos, V., & Bitzenis, A.",https://doi.org/10.1080/10669868.2019.1640829,1,2018,C,2019,,,1,,1,1.5,2022,,,tsitouras a mitrakos p tsimpida c vlachos v bitzenis a an investigation into the,"ABS 2018: 1, ABDC 2019: C, Scopus, WoS (Impact Factor 2022: 1.5)","Tsitouras, A., Mitrakos, P., Tsimpida, C., Vlachos, V., & Bitzenis, A. (2020). An Investigation into the Causal Links Among FDI Determinants: Empirical Evidence from Greece. Journal of East-West Business, 26(1), 17–55. https://doi.org/10.1080/10669868.2019.1640829",docx-import,1,manual-import,import-docx,import-docx,1,
prephd-08#288,prephd-08,2,2021,0,"Eze, S. C., Chinedu-Eze, V. C. A., & Awa, H. O.",https://doi.org/10.1177/21582440211006695,,,,,,,1,,1,2.032,2022,,,eze s c chinedu eze v c a awa h o key success factors,"Scopus, WoS (Impact Factor 2022: 2.032)","Eze, S. C., Chinedu-Eze, V. C. A., & Awa, H. O. (2021). Key Success Factors (KSFs) Underlying the Adoption of Social Media Marketing Technology. SAGE Open, 11(2), 1–15. https://doi.org/10.1177/21582440211006695",docx-import,1,manual-import,import-docx,import-docx,1,
prephd-07#289,prephd-07,2,2023,0,"Hnatkovych, O., Yasinovska, I., Smolinska, S., & Smolinskyy, V.",https://doi.org/10.1111/rsp3.12641,,,,,,,1,,1,1.7,2023,,,hnatkovych o yasinovska i smolinska s smolinskyy v modern approaches to ukraine s regional,"Scopus, WoS (Impact Factor 2023: 1.7)","Hnatkovych, O., Yasinovska, I., Smolinska, S., & Smolinskyy, V. (2023). Modern approaches to Ukraine’s regional development management. Regional Science Policy & Practice, 15(1), 108–121. https://doi.org/10.1111/rsp3.12641",docx-import,1,manual-import,import-docx,import-docx,1,
prephd-07#290,prephd-07,2,2023,0,"Hu, W., Wu, H., & Wan, W.",https://doi.org/10.3390/su15010245,,,,,,,1,,1,3.889,2022,,,hu w wu h wan w decoding the multidimensional structuring of urban poles of,"Scopus, WoS (Impact Factor 2022: 3.889)","Hu, W., Wu, H., & Wan, W. (2023). Decoding the Multidimensional Structuring of Urban Poles of Growth of Nighttime Economics—An Inter-Discipline Study in Lanzhou City, China, Based on Geomodeling and Big Data. Sustainability, 15(1), Article 1. https://doi.org/10.3390/su15010245",docx-import,1,manual-import,import-docx,import-docx,1,
prephd-07#291,prephd-07,2,2021,0,"Usmonov, B.",https://doi.org/10.17770/sie2021vol1.6142,,,,,,,,,,,,,,usmonov b scientific educational cluster mechanism of innovative development of the country society integration,,"Usmonov, B. (2021). Scientific –educational cluster - mechanism of innovative development of the country. Society. Integration. Education. Proceedings of the International Scientific Conference, 1(0), Article 0. https://doi.org/10.17770/sie2021vol1.6142",docx-import,1,manual-import,import-docx,import-docx,1,
prephd-05#292,prephd-05,2,2025,0,"Wang, S.",https://doi.org/10.54254/2754-1169/2025.GL26367,,,,,,,,,,,,,,wang s analysis on influencing factors and countermeasures of enterprises going to sea advances,,"Wang, S. (2025). Analysis on Influencing Factors and Countermeasures of Enterprises Going to Sea. Advances in Economics, Management and Political Sciences, 208(1), 93–98. https://doi.org/10.54254/2754-1169/2025.GL26367",docx-import,1,manual-import,import-docx,import-docx,1,
prephd-05#293,prephd-05,2,2022,0,"Alfatiha, R. A.",https://doi.org/10.30871/jaba.v6i1.3828,,,,,,,,,,,,,,alfatiha r a systematic mapping study analisis manajemen perubahan pada perusahaan keluarga journal of,,"Alfatiha, R. A. (2022). Systematic Mapping Study: Analisis Manajemen Perubahan Pada Perusahaan Keluarga. Journal of Applied Business Administration, 6(1), Article 1. https://doi.org/10.30871/jaba.v6i1.3828",docx-import,1,manual-import,import-docx,import-docx,1,
prephd-05#294,prephd-05,2,2020,0,"Butkus, M., & Jonušaitė, S.",https://doi.org/10.3846/mla.2020.12502,,,,,,,,,,,,,,butkus m jonu ait s socio economic development in developed and developing countries under,,"Butkus, M., & Jonušaitė, S. (2020). Socio-economic development in developed and developing countries under globalization: Essential differences. Mokslas – Lietuvos Ateitis / Science – Future of Lithuania, 12, 1–9. https://doi.org/10.3846/mla.2020.12502",docx-import,1,manual-import,import-docx,import-docx,1,
prephd-04#295,prephd-04,2,2024,0,"Koutroukis, T.",https://doi.org/10.3390/socsci13030171,,,,,,,1,,1,1.7,2023,,,koutroukis t european works councils their impact on the europeanization of industrial relations in,"Scopus, WoS (Impact Factor 2023: 1.7)","Koutroukis, T. (2024). European Works Councils: Their Impact on the Europeanization of Industrial Relations in an Era of Market Globalism. Social Sciences, 13(3), Article 3. https://doi.org/10.3390/socsci13030171",docx-import,1,manual-import,import-docx,import-docx,1,
prephd-04#296,prephd-04,2,2023,0,"Παυλίδου, Κ.",https://repo.lib.duth.gr/jspui/bitstream/123456789/16919/1/PaylidouK_2023.pdf,,,,,,,,,,,,,,master s thesis,,"Παυλίδου, Κ. (2023). Μια κριτική επισκόπηση της έκθεσης Πισσαρίδη για την ελληνική οικονομία [Master’s Thesis, Δημοκρίτειο Πανεπιστήμιο Θράκης]. https://repo.lib.duth.gr/jspui/bitstream/123456789/16919/1/PaylidouK_2023.pdf",docx-import,1,manual-import,import-docx,import-docx,1,
prephd-03#297,prephd-03,2,2025,0,"Angelia, C.",https://doi.org/10.58344/locus.v4i9.4783,,,,,,,,,,,,,,angelia c literature review leadership styles in organizational and cultural contexts jurnal locus penelitian,,"Angelia, C. (2025). Literature Review: Leadership Styles in Organizational and Cultural Contexts. Jurnal Locus Penelitian Dan Pengabdian, 4(9), 9200–9205. https://doi.org/10.58344/locus.v4i9.4783",docx-import,1,manual-import,import-docx,import-docx,1,
prephd-03#298,prephd-03,2,2025,0,"Ghosh, O., & Kumar, B.",https://doi.org/10.4018/979-8-3373-1355-9.ch004,,,,,,,1,,,,,,,ghosh o kumar b globalization security challenges and the evolving landscape for contemporary democracies,Scopus,"Ghosh, O., & Kumar, B. (2025). Globalization, Security Challenges, and the Evolving Landscape for Contemporary Democracies: In E. Alaverdov & G. Abuseridze (Eds), Globalization, Global Security, and New International Realities for Modern Democracies (pp. 61–90). IGI Global. https://doi.org/10.4018/979-8-3373-1355-9.ch004",docx-import,1,manual-import,import-docx,import-docx,1,
prephd-03#299,prephd-03,2,2025,0,"Stephens, A., & Thomas, J.",https://doi.org/10.1177/1035719X251314207,,,,,,,1,,,,,,,stephens a thomas j developing an m e system for a wicked problem evaluation,Scopus,"Stephens, A., & Thomas, J. (2025). Developing an M&E system for a wicked problem. Evaluation Journal of Australasia, 1035719X251314207. https://doi.org/10.1177/1035719X251314207",docx-import,1,manual-import,import-docx,import-docx,1,
prephd-03#300,prephd-03,2,2024,0,"Ρεκλείτης, Δ.",http://hdl.handle.net/10442/hedi/57215,,,,,,,,,,,,,,,,"Ρεκλείτης, Δ. (2024). Ευφυείς στρατηγικές ανάλυσης συμπεριφοράς χρήστη και διαχείριση αλλαγών με πληροφοριακά συστήματα διοίκησης [Διδακτορική Διατριβή, Γεωπονικό Πανεπιστήμιο Αθηνών. Σχολή Εφαρμοσμένων Οικονομικών και Κοινωνικών Επιστημών. Τμήμα Διοίκησης Γεωργικών Επιχειρήσεων και Συστημάτων Εφοδιασμού]. http://hdl.handle.net/10442/hedi/57215",docx-import,1,manual-import,import-docx,import-docx,1,
prephd-03#301,prephd-03,2,2022,0,"Ahmed, Z., & Abbas, H.",https://doi.org/10.1504/IJMP.2022.10049920,1,2021,,,,,1,,,,,,,ahmed z abbas h shifting boundaries in healthcare supply chains hrm a qualitative perspective,"ABS 2021: 1, Scopus","Ahmed, Z., & Abbas, H. (2022). Shifting boundaries in healthcare supply chains’ HRM: A qualitative perspective. International Journal of Management Practice, 15(5), 586. https://doi.org/10.1504/IJMP.2022.10049920",docx-import,1,manual-import,import-docx,import-docx,1,
prephd-03#302,prephd-03,2,2022,0,"Fedynets, N.",https://doi.org/10.22630/ASPE.2022.21.3.10,,,,,,,,,,,,,,fedynets n change management mechanism in the organization in crisis conditions acta scientiarum polonorum,,"Fedynets, N. (2022). Change Management Mechanism in the Organization in Crisis Conditions. Acta Scientiarum Polonorum. Oeconomia, 21(3), Article 3. https://doi.org/10.22630/ASPE.2022.21.3.10",docx-import,1,manual-import,import-docx,import-docx,1,
prephd-03#303,prephd-03,2,2022,0,"Ahmed, Z., & Abbas, H.",https://doi.org/10.1504/IJMP.2022.125472,1,2021,,,,,1,,,,,,,ahmed z abbas h shifting boundaries in healthcare supply chains hrm a qualitative perspective,"ABS 2021: 1, Scopus","Ahmed, Z., & Abbas, H. (2022). Shifting boundaries in healthcare supply chains’ HRM: A qualitative perspective. International Journal of Management Practice, 15(5), 586–608. https://doi.org/10.1504/IJMP.2022.125472",docx-import,1,manual-import,import-docx,import-docx,1,
prephd-03#304,prephd-03,2,2022,0,"Fernandes, D., & Machado, C.",https://doi.org/10.1016/B978-0-12-821238-7.00003-8,,,,,,,1,,,,,,,fernandes d machado c the momentum for green human resources management green production engineering,Scopus,"Fernandes, D., & Machado, C. (2022). The momentum for green human resources’ management. Green Production Engineering and Management. 93–121. https://doi.org/10.1016/B978-0-12-821238-7.00003-8",docx-import,1,manual-import,import-docx,import-docx,1,
prephd-03#305,prephd-03,2,2022,0,"Fernandes, D., & Machado, C.",https://doi.org/10.1016/B978-0-12-821238-7.00001-4,,,,,,,1,,,,,,,fernandes d machado c connecting ecological economics green management sustainable development and circular economy,Scopus,"Fernandes, D., & Machado, C. (2022). Connecting ecological economics, green management, sustainable development, and circular economy: Corporate social responsibility as the synthetic vector. Green Production Engineering and Management. 183–236. https://doi.org/10.1016/B978-0-12-821238-7.00001-4",docx-import,1,manual-import,import-docx,import-docx,1,
prephd-03#306,prephd-03,2,2021,0,"Ashraf, Z., Afshan, G., & Sahibzada, U. F.",https://doi.org/10.1108/JGR-03-2021-0030,1,2021,C,2022,,,1,,1,1.6,2022,,,ashraf z afshan g sahibzada u f unpacking strategic corporate social responsibility in the,"ABS 2021: 1, ABDC 2022: C, Scopus, WoS (Impact Factor 2022: 1.6)","Ashraf, Z., Afshan, G., & Sahibzada, U. F. (2021). Unpacking strategic corporate social responsibility in the time of crisis: A critical review. Journal of Global Responsibility, 13(2), 127–156. https://doi.org/10.1108/JGR-03-2021-0030",docx-import,1,manual-import,import-docx,import-docx,1,
prephd-03#307,prephd-03,2,2021,0,"Franklin Frogeri, R., Dos Santos Portugal Júnior, P., Pelloso Piurcosky, F., Bha",https://doi.org/10.23925/2179-3565.2021v12i4p144-166,,,,,,,,,,,,,,franklin frogeri r dos santos portugal j nior p pelloso piurcosky f bhardwaj m,,"Franklin Frogeri, R., Dos Santos Portugal Júnior, P., Pelloso Piurcosky, F., Bhardwaj, M., González-Islas, J.-C., & Arroyo Mendizábal, J. C. (2021). Social Representation of the Innovation Concept: Cross-Country in Bolivia, Brazil, India and Mexico. Journal on Innovation and Sustainability RISUS, 12(4), 144–166. https://doi.org/10.23925/2179-3565.2021v12i4p144-166",docx-import,1,manual-import,import-docx,import-docx,1,
prephd-03#308,prephd-03,2,2021,0,"Godoi, V. D. P.",,,,,,,,,,,,,,,godoi v d p a ind stria hoteleira em mudan as estrat gias no,,"Godoi, V. D. P. (2021). A indústria hoteleira em mudanças: Estratégias no caso da cidade de Lisboa [Master’s Thesis]. Instituto Superior de Economia e Gestão.",docx-import,1,manual-import,import-docx,import-docx,1,
prephd-03#309,prephd-03,2,2021,0,"Incio Cabanillas, R. K., & Ramos Villena, S. M.",,,,,,,,,,,,,,,incio cabanillas r k ramos villena s m la gesti n del cambio e,,"Incio Cabanillas, R. K., & Ramos Villena, S. M. (2021). La gestión del cambio e innovación organizacional. Revisión sistemática [Master’s Thesis]. Universidad César Vallejo.",docx-import,1,manual-import,import-docx,import-docx,1,
prephd-03#310,prephd-03,2,2019,0,"Akbar, M. A., Sang, J., Nasrullah, Khan, A. A., Mahmood, S., Qadri, S. F., Hu, H",https://doi.org/10.1016/j.cola.2018.12.005,,,,,,,1,,1,1.778,2022,,,akbar m a sang j nasrullah khan a a mahmood s qadri s f,"Scopus, WoS (Impact Factor 2022: 1.778)","Akbar, M. A., Sang, J., Nasrullah, Khan, A. A., Mahmood, S., Qadri, S. F., Hu, H., & Xiang, H. (2019). Success factors influencing requirements change management process in global software development. Journal of Computer Languages, 51, 112–130. https://doi.org/10.1016/j.cola.2018.12.005",docx-import,1,manual-import,import-docx,import-docx,1,
prephd-02#311,prephd-02,2,2021,0,"Arroyo-Vázquez, M., & Vivancos, J.-L.",https://www.torrossa.com/it/resources/an/4882905,,,,,,,,,,,,,,arroyo v zquez m vivancos j l an lisis de viabilidad del proyecto de,,"Arroyo-Vázquez, M., & Vivancos, J.-L. (2021). Análisis de viabilidad del proyecto de creación de una empresa para la fabricación en 3D [Feasibility analysis of the project to create a company for 3D manufacturing]. In Industria 4.0 y la Dirección e Ingeniería de Proyectos [Industry 4.0 and Project Management and Engineering] (pp. 236–273). Universidad de Cádiz. https://www.torrossa.com/it/resources/an/4882905",docx-import,1,manual-import,import-docx,import-docx,1,
prephd-02#312,prephd-02,2,2021,0,"Kupilas, K., Montequín, V., Álvarez-Pérez, C., & Balsera, J.",https://www.torrossa.com/it/resources/an/4882905,,,,,,,,,,,,,,kupilas k montequ n v lvarez p rez c balsera j industry 4 0,,"Kupilas, K., Montequín, V., Álvarez-Pérez, C., & Balsera, J. (2021). Industry 4.0 and Digital Maturity. In Industry 4.0 and Project Management and Engineering (pp. 66–102). Universidad de Cádiz. https://www.torrossa.com/it/resources/an/4882905",docx-import,1,manual-import,import-docx,import-docx,1,
prephd-02#313,prephd-02,2,2021,0,"Usmonov, B.",https://doi.org/10.17770/sie2021vol1.6142,,,,,,,,,,,,,,usmonov b scientific educational cluster mechanism of innovative development of the country society integration,,"Usmonov, B. (2021). Scientific –educational cluster—Mechanism of innovative development of the country. Society. Integration. Education. Proceedings of the International Scientific Conference, 1, 718–731. https://doi.org/10.17770/sie2021vol1.6142",docx-import,1,manual-import,import-docx,import-docx,1,
prephd-02#314,prephd-02,2,2020,0,"Estay, C., Mai-Nivoit, C., Yanat, Z., & Durrieu, F.",https://www.cairn.info/revue-recherches-en-sciences-de-gestion-2020-4-page-225.htm?contenu=article,,,,,,,,,,,,,,estay c mai nivoit c yanat z durrieu f la perception de la r,,"Estay, C., Mai-Nivoit, C., Yanat, Z., & Durrieu, F. (2020). La perception de la réalisation du contrat psychologique chez les ouvriers en situation de restructuration industrielle. Recherches en Sciences de Gestion, N° 139(4), 225–248. https://www.cairn.info/revue-recherches-en-sciences-de-gestion-2020-4-page-225.htm?contenu=article",docx-import,1,manual-import,import-docx,import-docx,1,
prephd-02#315,prephd-02,2,2020,0,"Manuel Jesús, H.-O., Cristina, F.-T., & Gago-Calderon, A.",https://www.torrossa.com/it/resources/an/4882905,,,,,,,,,,,,,,manuel jes s h o cristina f t gago calderon a la log stica,,"Manuel Jesús, H.-O., Cristina, F.-T., & Gago-Calderon, A. (2020). La logística industrial en Andalucía. Análisis, evaluación y propuestas de mejora para un sector estratégico [Industrial logistics in Andalusia. Analysis, evaluation and improvement proposals for a strategic sector]. In Industria 4.0 y la Dirección e Ingeniería de Proyectos [Industry 4.0 and Project Management and Engineering] (pp. 160–236). Universidad de Cádiz. https://www.torrossa.com/it/resources/an/4882905",docx-import,1,manual-import,import-docx,import-docx,1,
prephd-02#316,prephd-02,2,2019,0,"Cerezo-Narváez, A., García-Jurado, D., Pastor, A., & Redondo-García, A.",https://www.torrossa.com/it/resources/an/4882905,,,,,,,,,,,,,,cerezo narv ez a garc a jurado d pastor a redondo garc a a,,"Cerezo-Narváez, A., García-Jurado, D., Pastor, A., & Redondo-García, A. (2019). Gestión de la I+D+i en la pequeña y mediana empresa de base tecnológica. El caso de España [Management of R + D + i in small and medium technology-based companies. The case of Spain]. In Industria 4.0 y la Dirección e Ingeniería de Proyectos [Industry 4.0 and Project Management and Engineering] (pp. 105–158). Universidad de Cádiz. https://www.torrossa.com/it/resources/an/4882905",docx-import,1,manual-import,import-docx,import-docx,1,
prephd-02#317,prephd-02,2,2019,0,"Cerezo-Narváez, A., García-Jurado, D., González-Cruz, M. C., Pastor-Fernández, A",https://doi.org/10.3390/pr7050282,,,,,,,1,,1,3.352,2022,,,cerezo narv ez a garc a jurado d gonz lez cruz m c pastor,"Scopus, WoS (Impact Factor 2022: 3.352)","Cerezo-Narváez, A., García-Jurado, D., González-Cruz, M. C., Pastor-Fernández, A., Otero-Mateo, M., & Ballesteros-Pérez, P. (2019). Standardizing Innovation Management: An Opportunity for SMEs in the Aerospace Industry. Processes, 7(282), Article 5. https://doi.org/10.3390/pr7050282",docx-import,1,manual-import,import-docx,import-docx,1,
proc-20#318,proc-20,2,2025,0,"Amina G., K.",https://doi.org/10.59298/RIJCRHSS/2025/412431,,,,,,,,,,,,,,amina g k the impact of globalization on intellectual property law communication research invention,,"Amina G., K. (2025). The Impact of Globalization on Intellectual Property Law Communication. Research Invention Journal of Current Research in Humanities and Social Sciences, 4(1), 24–31. https://doi.org/10.59298/RIJCRHSS/2025/412431",docx-import,1,manual-import,import-docx,import-docx,1,
proc-15#319,proc-15,2,2023,0,"Chang, D., Yeoh, K., & Jap, K. P.",https://doi.org/10.31098/ijeass.v3i1.1327,,,,,,,,,,,,,,chang d yeoh k jap k p the trifecta of sustainable entrepreneurship a systematic,,"Chang, D., Yeoh, K., & Jap, K. P. (2023). The Trifecta of Sustainable Entrepreneurship: A Systematic Literature Review Study. International Journal of Entrepreneurship and Sustainability Studies, 3(1), Article 1. https://doi.org/10.31098/ijeass.v3i1.1327",docx-import,1,manual-import,import-docx,import-docx,1,
proc-12#320,proc-12,2,2023,0,"Ulco Ticle, Y. M., & Vallejos Farfán, C. H.",http://repositorio.utp.edu.pe/handle/20.500.12867/7514,,,,,,,,,,,,,,ulco ticle y m vallejos farf n c h medidas implementadas por el gobierno,,"Ulco Ticle, Y. M., & Vallejos Farfán, C. H. (2023). Medidas implementadas por el Gobierno peruano durante la pandemia en el capital de trabajo de la empresa Tours Angel Divino S.A.C. Chiclayo en el Año 2020 [Master’s Thesis, Universidad Tecnológica Perú]. http://repositorio.utp.edu.pe/handle/20.500.12867/7514",docx-import,1,manual-import,import-docx,import-docx,1,
proc-08#321,proc-08,2,2022,0,"Martinidis, G., Dyjakon, A., Minta, S., & Ramut, R.",https://doi.org/10.3390/su141610325,,,,,,,1,,1,3.889,2022,,,martinidis g dyjakon a minta s ramut r intellectual capital and sustainable s3 in,"Scopus, WoS (Impact Factor 2022: 3.889)","Martinidis, G., Dyjakon, A., Minta, S., & Ramut, R. (2022). Intellectual Capital and Sustainable S3 in the Regions of Central Macedonia and Western Macedonia, Greece. Sustainability, 14(16), 10325. https://doi.org/10.3390/su141610325",docx-import,1,manual-import,import-docx,import-docx,1,
proc-07#322,proc-07,2,2021,0,"Shahi, M. B.",,,,,,,,,,,,,,,shahi m b teacher recruitment policy and practices in federal nepal international journal of,,"Shahi, M. B. (2021). Teacher Recruitment Policy and Practices in Federal Nepal. International Journal of Scientific and Research Publications, 11(3), 110–114. http://www.ijsrp.org/research-paper-0321.php?rp=P11111065",docx-import,1,manual-import,import-docx,import-docx,1,
proc-06#323,proc-06,2,2023,0,"Filho, J. de R. R., Tahim, E. F., & Veras, V. M. V.",https://doi.org/10.34117/bjdv9n1-106,,,,,,,,,,,,,,filho j de r r tahim e f veras v m v perspectivas para,,"Filho, J. de R. R., Tahim, E. F., & Veras, V. M. V. (2023). Perspectivas para o Hidrogênio Verde: Uma análise à luz do modelo da Hélice Tríplice. Brazilian Journal of Development, 9(1), 1531–1553. https://doi.org/10.34117/bjdv9n1-106",docx-import,1,manual-import,import-docx,import-docx,1,
proc-06#324,proc-06,2,2022,0,"Nabi, D. M. N. U., & Zohora, F. T.",https://doi.org/10.53808/KUS.2022.ICSTEM4IR.0118-se,,,,,,,,,,,,,,nabi d m n u zohora f t the 4th industrial revolution 4ir and,,"Nabi, D. M. N. U., & Zohora, F. T. (2022). THE 4th INDUSTRIAL REVOLUTION (4IR) and SUSTAINABLE DEVELOPMENT. Khulna University Studies, 625–639. https://doi.org/10.53808/KUS.2022.ICSTEM4IR.0118-se",docx-import,1,manual-import,import-docx,import-docx,1,
proc-06#325,proc-06,2,2021,0,"Chaudhuri, S. K.",https://doi.org/10.5530/jscires.10.3.62,,,,,,,1,,1,0.8,2023,,,chaudhuri s k innovation ecosystem for sustainable energy in low income countries of africa,"Scopus, WoS (Impact Factor 2023: 0.8)","Chaudhuri, S. K. (2021). Innovation Ecosystem for Sustainable Energy in Low-income Countries of Africa towards the Goal of the Agenda 2030 of the UNEP and the Agenda 2063 of the AU: A Critical Review. Journal of Scientometric Research, 10(3). https://doi.org/10.5530/jscires.10.3.62",docx-import,1,manual-import,import-docx,import-docx,1,
proc-06#326,proc-06,2,2021,0,"Diaz, J., & Halkias, D.",https://doi.org/10.2139/ssrn.3897059,,,,,,,,,,,,,,diaz j halkias d reskilling and upskilling 4ir leaders in business schools through an,,"Diaz, J., & Halkias, D. (2021). Reskilling and Upskilling 4IR Leaders in Business Schools through an Innovative Executive Education Ecosystem: An Integrative Literature Review. SSRN Electronic Journal. https://doi.org/10.2139/ssrn.3897059",docx-import,1,manual-import,import-docx,import-docx,1,
proc-06#327,proc-06,2,2021,0,"Dutse, A. Y., Bayero, M. M., Musa, K. I., & Jibrin, M.",https://doi.org/10.1386/tmsd_00047_1,,,,,,,,,,,,,,dutse a y bayero m m musa k i jibrin m university industry linkages,,"Dutse, A. Y., Bayero, M. M., Musa, K. I., & Jibrin, M. (2021). University–industry linkages, enabling policies and innovative behaviours of universities in Nigeria. International Journal of Technology Management & Sustainable Development, 20(Meeting Global Challenges through University–Industry–Community–Government (UICG) Interactions), 305–324. https://doi.org/10.1386/tmsd_00047_1",docx-import,1,manual-import,import-docx,import-docx,1,
proc-03#328,proc-03,2,2024,0,"Wibisono, G.",https://www.proquest.com/docview/3122662533/abstract/AB3362D55BC84273PQ/1,,,,,,,,,,,,,,wibisono g rekonstruksi kebijakan penilaian dampak korupsi dalam pemberantasan tindak pidana korupsi berbasis nilai,,"Wibisono, G. (2024). Rekonstruksi Kebijakan Penilaian Dampak Korupsi Dalam Pemberantasan Tindak Pidana Korupsi Berbasis Nilai Keadilan [LL.M., Universitas Islam Sultan Agung (Indonesia)]. In PQDT - Global. https://www.proquest.com/docview/3122662533/abstract/AB3362D55BC84273PQ/1",docx-import,1,manual-import,import-docx,import-docx,1,
proc-03#329,proc-03,2,2023,0,"Lopes Júnior, E., Câmara, S., Pinto, F., & Silva, F.",https://doi.org/10.3895/rbpd.v12n2.16023,,,,,,,,,,,,,,lopes j nior e c mara s pinto f silva f corrup o e,,"Lopes Júnior, E., Câmara, S., Pinto, F., & Silva, F. (2023). Corrupção e efetividade dos governos: Um panorama dos países no mundo. Revista Brasileira de Planejamento e Desenvolvimento, 12, 477. https://doi.org/10.3895/rbpd.v12n2.16023",docx-import,1,manual-import,import-docx,import-docx,1,
proc-03#330,proc-03,2,2023,0,"Wibisana, A. W.",https://doi.org/10.4236/blr.2023.141002,,,,,,,,,,,,,,wibisana a w the urgency of preventive supervision to prevent corruption in indonesian state,,"Wibisana, A. W. (2023). The Urgency of Preventive Supervision to Prevent Corruption in Indonesian State-Owned Enterprises. Beijing Law Review, 14(1), Article 1. https://doi.org/10.4236/blr.2023.141002",docx-import,1,manual-import,import-docx,import-docx,1,
proc-03#331,proc-03,2,2022,0,"Saptono, P. B., & Purwanto, D.",https://doi.org/10.32697/integritas.v8i1.870,,,,,,,,,,,,,,saptono p b purwanto d factors causing the ineffectiveness of good corporate governance in,,"Saptono, P. B., & Purwanto, D. (2022). Factors causing the ineffectiveness of Good Corporate Governance in preventing Corruption in State-Owned Enterprises. Integritas : Jurnal Antikorupsi, 8(1), Article 1. https://doi.org/10.32697/integritas.v8i1.870",docx-import,1,manual-import,import-docx,import-docx,1,
proc-03#332,proc-03,2,2021,0,"Rahpeima, A., Hadian, H., Khosravi, M. A., & Tafazoli, H.",,,,,,,,,,,,,,,rahpeima a hadian h khosravi m a tafazoli h designing and validating the social,,"Rahpeima, A., Hadian, H., Khosravi, M. A., & Tafazoli, H. (2021). Designing and validating the social harm model of the cultural policymaking process in fighting against corruption in the administrative system and political management of the country. Basij Strategic Studies, 24(91), 41–64.",docx-import,1,manual-import,import-docx,import-docx,1,
present-04#333,present-04,2,2024,0,"Aryeetey, H.",https://uis.brage.unit.no/uis-xmlui/handle/11250/3151941,,,,,,,,,,,,,,aryeetey h decarbonizing transportation in africa a case study in transitioning to electric vehicles,,"Aryeetey, H. (2024). Decarbonizing Transportation in Africa: A case study in transitioning to electric vehicles in Accra, Ghana. [Master thesis, UIS]. https://uis.brage.unit.no/uis-xmlui/handle/11250/3151941",docx-import,1,manual-import,import-docx,import-docx,1,
abs-06#b2_0,abs-06,2,2026,0,Yue Li; Xiangying Ma; Xiaoli Li; Yan Zhou,https://doi.org/10.1108/jbim-11-2024-0827,2,,A,,3,,1,Q1,1,4.3,2024,,,yue li xiangying ma xiaoli li yan zhou the influencing factors and mechanism of collaborative service of innovation service platforms for emerging industries,"ABS: 2, ABDC: A, FNEGE: 3, Scopus Q1, WoS (Impact Factor: 4.3)",Yue Li; Xiangying Ma; Xiaoli Li; Yan Zhou (2026). The influencing factors and mechanism of collaborative service of innovation service platforms for emerging industries. Journal of Business and Industrial Marketing. https://doi.org/10.1108/jbim-11-2024-0827,openalex+semanticscholar,1,openalex+s2-edge,b2-2026-06-02,b2-2026-06-02,1,
abs-06#b2_1,abs-06,2,2026,0,Nobuya Fukugawa,https://doi.org/10.1080/19761597.2026.2666827,1,,,,4,,1,Q2,1,1.7,2024,,,nobuya fukugawa from unawareness to awareness of local public technology support evidence from japan s kohsetsushi,"ABS: 1, FNEGE: 4, Scopus Q2, WoS (Impact Factor: 1.7)",Nobuya Fukugawa (2026). From unawareness to awareness of local public technology support: evidence from Japan’s Kohsetsushi. Asian Journal of Technology Innovation. https://doi.org/10.1080/19761597.2026.2666827,openalex+semanticscholar,1,openalex+s2-edge,b2-2026-06-02,b2-2026-06-02,1,
abs-05#b2_2,abs-05,2,2026,0,Yuldoshboy Sobirov; Nuriddin Shanyazov; Beruniy Artikov; Jurabek Kuralbaev; Zokir Mamadiyarov; Mukhammad Goyibnazarov,https://doi.org/10.1016/j.resglo.2026.100355,,,,,,,1,Q1,1,3.7,2024,,,yuldoshboy sobirov nuriddin shanyazov beruniy artikov jurabek kuralbaev zokir mamadiyarov mukhammad goyibnazarov globalization led growth in the post soviet cis region findings from advanced panel coi,"Scopus Q1, WoS (Impact Factor: 3.7)",Yuldoshboy Sobirov; Nuriddin Shanyazov; Beruniy Artikov; Jurabek Kuralbaev; Zokir Mamadiyarov; Mukhammad Goyibnazarov (2026). Globalization-led growth in the post-soviet CIS region: findings from advanced panel cointegration methods. Research in Globalization. https://doi.org/10.1016/j.resglo.2026.100355,openalex+semanticscholar,1,openalex+s2-edge,b2-2026-06-02,b2-2026-06-02,1,
abs-05#b2_3,abs-05,2,2026,0,P. V. Kuznetsov,https://doi.org/10.48015/2076-7404-2026-18-1-111-153,,,,,,,,,,,,,,p v kuznetsov from deglobalization to competing regionalism asia pacific region in the context of the emerging multipolar world order,,P. V. Kuznetsov (2026). From deglobalization to competing regionalism: Asia-Pacific region in the context of the emerging multipolar world order. Lomonosov World Politics Journal. https://doi.org/10.48015/2076-7404-2026-18-1-111-153,openalex+crossref,1,openalex+crossref-ref,b2-2026-06-02,b2-2026-06-02,1,
abs-02#b2_4,abs-02,2,2026,0,Md Abul Hasan; Jannatul Ferdos; Mohammad Ahsan Habib,https://doi.org/10.1177/09749101261415714,1,,,,,1,1,Q2,,,,,,md abul hasan jannatul ferdos mohammad ahsan habib multipolarity and regionalism the opportunities and challenges for south asia,"ABS: 1, Scopus Q2, EconLit",Md Abul Hasan; Jannatul Ferdos; Mohammad Ahsan Habib (2026). Multipolarity and Regionalism: The Opportunities and Challenges for South Asia. Global Journal of Emerging Market Economies. https://doi.org/10.1177/09749101261415714,openalex+semanticscholar,1,openalex+s2-edge,b2-2026-06-02,b2-2026-06-02,1,
prephd-37#b2_5,prephd-37,2,2026,0,Magali Pino,https://doi.org/10.1007/s11365-026-01208-7,1,,B,,3,1,1,Q1,1,3.9,2024,,,magali pino the internationalization of smes through entrepreneurial ecosystems in the 21st century bibliometric and content analysis,"ABS: 1, ABDC: B, FNEGE: 3, Scopus Q1, WoS (Impact Factor: 3.9), EconLit",Magali Pino (2026). The internationalization of SMEs through entrepreneurial ecosystems in the 21st century: bibliometric and content analysis. International Entrepreneurship and Management Journal. https://doi.org/10.1007/s11365-026-01208-7,openalex+semanticscholar,1,openalex+s2-edge,b2-2026-06-02,b2-2026-06-02,1,
prephd-31#b2_6,prephd-31,2,2026,0,Timo Santalainen; Ram Baliga; Mikko Kosonen,https://doi.org/10.1007/978-3-031-51650-4_117-1,,,,,,,,,,,,,,timo santalainen ram baliga mikko kosonen leading meso level transformation,,Timo Santalainen; Ram Baliga; Mikko Kosonen (2026). Leading Meso-Level Transformation. . https://doi.org/10.1007/978-3-031-51650-4_117-1,openalex+crossref,1,openalex+crossref-ref,b2-2026-06-02,b2-2026-06-02,1,
prephd-17#b2_7,prephd-17,2,2026,0,Anna Zarkada; Yioula Melanthiou,https://doi.org/10.1007/978-3-032-15868-0_3,,,,,,,,,,,,,,anna zarkada yioula melanthiou value and values make organisations sustainable,,Anna Zarkada; Yioula Melanthiou (2026). Value and Values Make Organisations Sustainable. Future of business and finance. https://doi.org/10.1007/978-3-032-15868-0_3,openalex+crossref,1,openalex+crossref-ref,b2-2026-06-02,b2-2026-06-02,1,
prephd-11#b2_8,prephd-11,2,2026,0,A. Pal; Chandan Kumar Tiwari; Mohd Abass Bhat; Aastha Behl; Demetris Vrontis,https://doi.org/10.1108/bpmj-06-2025-0865,2,,B,,3,,1,Q1,1,5.8,2024,,,a pal chandan kumar tiwari mohd abass bhat aastha behl demetris vrontis leveraging ai for geo economic decisions navigating the nexus between business process management knowledge management and busin,"ABS: 2, ABDC: B, FNEGE: 3, Scopus Q1, WoS (Impact Factor: 5.8)","A. Pal; Chandan Kumar Tiwari; Mohd Abass Bhat; Aastha Behl; Demetris Vrontis (2026). Leveraging AI for geo-economic decisions: navigating the nexus between business process management, knowledge management and business intelligence practices. Business Process Management Journal. https://doi.org/10.1108/bpmj-06-2025-0865",openalex+semanticscholar,1,openalex+s2-edge,b2-2026-06-02,b2-2026-06-02,1,
prephd-10#b2_9,prephd-10,2,2026,0,Felix Mahenge,https://doi.org/10.1007/978-3-032-11678-9_19,,,,,,,,,,,,,,felix mahenge climate resilience framework for grapevine farmers in dodoma tanzania,,"Felix Mahenge (2026). Climate Resilience Framework for Grapevine Farmers in Dodoma, Tanzania. . https://doi.org/10.1007/978-3-032-11678-9_19",openalex+crossref,1,openalex+crossref-ref,b2-2026-06-02,b2-2026-06-02,1,
new:proc-08#b2_10,new:proc-08,2,2026,0,Ayça Soygür; Naciye Doratlı,https://doi.org/10.1080/02665433.2026.2642685,,,,,,,1,Q2,1,0.9,2024,,,ayca soygur naciye doratl a small scale city caught between two opposing local development approaches lefke north cyprus,"Scopus Q2, WoS (Impact Factor: 0.9)",Ayça Soygür; Naciye Doratlı (2026). A small-scale city caught between two opposing local development approaches: Lefke- North Cyprus. Planning Perspectives. https://doi.org/10.1080/02665433.2026.2642685,openalex+semanticscholar,1,openalex+s2-edge,b2-2026-06-02,b2-2026-06-02,1,
new:scopus-05#b2_11,new:scopus-05,2,2026,0,Attila Balogh; Sándor Kozák,https://doi.org/10.14267/vilpol2026.02.06,,,,,,,,,,,,,,attila balogh sandor kozak az olasz es a magyar kamarai rendszer osszehasonlitasa bizalomepites del europai modon,,Attila Balogh; Sándor Kozák (2026). Az olasz és a magyar kamarai rendszer összehasonlítása – bizalomépítés dél-európai módon. Világpolitika és a Közgazdaságtan. https://doi.org/10.14267/vilpol2026.02.06,openalex+semanticscholar,1,openalex+s2-edge,b2-2026-06-02,b2-2026-06-02,1,
new:scopus-06#b2_12,new:scopus-06,2,2026,0,Anna Misztal; Anita Fajczak-Kowalska; Magdalena Kowalska,https://doi.org/10.3390/en19061399,,,,,,,1,Q1,1,3.2,2024,,,anna misztal anita fajczak kowalska magdalena kowalska sustainable entrepreneurial capacity at the macro level macroeconomic and energy conditions in selected european economies,"Scopus Q1, WoS (Impact Factor: 3.2)",Anna Misztal; Anita Fajczak-Kowalska; Magdalena Kowalska (2026). Sustainable Entrepreneurial Capacity at the Macro Level: Macroeconomic and Energy Conditions in Selected European Economies. Energies. https://doi.org/10.3390/en19061399,openalex+semanticscholar,1,openalex+s2-edge,b2-2026-06-02,b2-2026-06-02,1,
new:scopus-09#b2_13,new:scopus-09,2,2026,0,Pradeep Udaya Rathnayake; Nalin Abeysekera; Dinesh Samarasinghe; Athula Gnanapala,https://doi.org/10.1108/shr-02-2026-0017,,,,,,,,,,,,,,pradeep udaya rathnayake nalin abeysekera dinesh samarasinghe athula gnanapala from vision to void explaining the missing link between transformational leadership and organisational resilience through,,Pradeep Udaya Rathnayake; Nalin Abeysekera; Dinesh Samarasinghe; Athula Gnanapala (2026). From vision to void? Explaining the missing link between transformational leadership and organisational resilience through human resource architecture. Strategic HR Review. https://doi.org/10.1108/shr-02-2026-0017,openalex+semanticscholar,1,openalex+s2-edge,b2-2026-06-02,b2-2026-06-02,1,
scopus-16#b2_14,scopus-16,2,2026,0,Kingsley Imandojemu; Aliyu Akorede Rufai; Felix Orole; Romanus Osabohien,https://doi.org/10.1002/bse.70741,3,,A,,3,,1,Q1,1,13.3,2024,,,kingsley imandojemu aliyu akorede rufai felix orole romanus osabohien addressing the energy trilemma the role of entrepreneurship regulation and climate finance,"ABS: 3, ABDC: A, FNEGE: 3, Scopus Q1, WoS (Impact Factor: 13.3)","Kingsley Imandojemu; Aliyu Akorede Rufai; Felix Orole; Romanus Osabohien (2026). Addressing the Energy Trilemma: The Role of Entrepreneurship, Regulation, and Climate Finance. Business Strategy and the Environment. https://doi.org/10.1002/bse.70741",openalex+semanticscholar,1,openalex+s2-edge,b2-2026-06-02,b2-2026-06-02,1,
scopus-14#b2_15,scopus-14,2,2026,0,Sofik Handoyo,https://doi.org/10.1016/j.egyr.2025.108937,,,,,,,1,Q1,1,5.1,2024,,,sofik handoyo sustainability in the energy sector a systematic literature review of energy transitions technologies and policy instruments,"Scopus Q1, WoS (Impact Factor: 5.1)","Sofik Handoyo (2026). Sustainability in the energy sector: A systematic literature review of energy transitions, technologies, and policy instruments. Energy Reports. https://doi.org/10.1016/j.egyr.2025.108937",openalex+semanticscholar,1,openalex+s2-edge,b2-2026-06-02,b2-2026-06-02,1,
scopus-14#b2_16,scopus-14,2,2026,0,T. A. Alka; M. Suresh; Raghu Raman,https://doi.org/10.1007/s43621-025-02552-4,,,,,,,1,Q1,1,3.0,2024,,,t a alka m suresh raghu raman pathways of sustainable energy entrepreneurship contributing to green innovation and the sustainable development goals,"Scopus Q1, WoS (Impact Factor: 3.0)",T. A. Alka; M. Suresh; Raghu Raman (2026). Pathways of sustainable energy entrepreneurship contributing to green innovation and the sustainable development goals. Discover Sustainability. https://doi.org/10.1007/s43621-025-02552-4,openalex+semanticscholar,1,openalex+s2-edge,b2-2026-06-02,b2-2026-06-02,1,
scopus-13#b2_17,scopus-13,2,2026,0,Evgenii S. Mityakov; Andrey I. Ladynin; Anna G. Shmeleva; Nina M. Shmeleva,https://doi.org/10.1109/elcon-ee69794.2026.11452820,,,,,,,,,,,,,,evgenii s mityakov andrey i ladynin anna g shmeleva nina m shmeleva electric power ecosystems balanced development analytical software,,Evgenii S. Mityakov; Andrey I. Ladynin; Anna G. Shmeleva; Nina M. Shmeleva (2026). Electric Power Ecosystems Balanced Development Analytical Software. . https://doi.org/10.1109/elcon-ee69794.2026.11452820,openalex+semanticscholar,1,openalex+s2-edge,b2-2026-06-02,b2-2026-06-02,1,
scopus-13#b2_18,scopus-13,2,2026,0,Viktor Koval; Nadiia Shmygol; V. Udovychenko; Hanna Hrinchenko; Daria Kravets; Larysa Kapranova,https://doi.org/10.1177/01445987261443387,,,,,,,1,Q2,1,1.6,2024,,,viktor koval nadiia shmygol v udovychenko hanna hrinchenko daria kravets larysa kapranova comparative assessment of energy related environmental impact management systems and decarbonisation policies ,"Scopus Q2, WoS (Impact Factor: 1.6)",Viktor Koval; Nadiia Shmygol; V. Udovychenko; Hanna Hrinchenko; Daria Kravets; Larysa Kapranova (2026). Comparative assessment of energy-related environmental impact management systems and decarbonisation policies in energy transitions. Energy Exploration & Exploitation. https://doi.org/10.1177/01445987261443387,openalex+semanticscholar,1,openalex+s2-edge,b2-2026-06-02,b2-2026-06-02,1,
scopus-12#b2_19,scopus-12,2,2026,0,Anna Misztal; Anita Fajczak-Kowalska; Magdalena Kowalska,https://doi.org/10.3390/en19061399,,,,,,,1,Q1,1,3.2,2024,,,anna misztal anita fajczak kowalska magdalena kowalska sustainable entrepreneurial capacity at the macro level macroeconomic and energy conditions in selected european economies,"Scopus Q1, WoS (Impact Factor: 3.2)",Anna Misztal; Anita Fajczak-Kowalska; Magdalena Kowalska (2026). Sustainable Entrepreneurial Capacity at the Macro Level: Macroeconomic and Energy Conditions in Selected European Economies. Energies. https://doi.org/10.3390/en19061399,openalex+semanticscholar,1,openalex+s2-edge,b2-2026-06-02,b2-2026-06-02,1,
scopus-12#b2_20,scopus-12,2,2026,0,Mario de la Puente; Juan Lamby; Anderson Dominguez; Mauro Maury; Nelvis Navarro; Enoc Barrientos,https://doi.org/10.1177/23939575261446712,1,,,,,,1,Q2,,,,,,mario de la puente juan lamby anderson dominguez mauro maury nelvis navarro enoc barrientos strategic financing adaptation and financial resilience in microenterprises comparative evidence from colomb,"ABS: 1, Scopus Q2",Mario de la Puente; Juan Lamby; Anderson Dominguez; Mauro Maury; Nelvis Navarro; Enoc Barrientos (2026). Strategic Financing Adaptation and Financial Resilience in Microenterprises: Comparative Evidence from Colombia and Venezuela. Journal of Entrepreneurship and Innovation in Emerging Economies. https://doi.org/10.1177/23939575261446712,openalex+semanticscholar,1,openalex+s2-edge,b2-2026-06-02,b2-2026-06-02,1,
scopus-11#b2_21,scopus-11,2,2026,0,Wassiuw Abdul Rahaman; Mohammed Amidu; William Coffie; Moses Dunyoh,https://doi.org/10.1007/978-3-032-15259-6_6,,,,,,,,,,,,,,wassiuw abdul rahaman mohammed amidu william coffie moses dunyoh globalization institutional quality and climate change in africa analyzing the threshold effect of energy transition,,"Wassiuw Abdul Rahaman; Mohammed Amidu; William Coffie; Moses Dunyoh (2026). Globalization, Institutional Quality, and Climate Change in Africa: Analyzing the Threshold Effect of Energy Transition. Advances in African economic, social and political development. https://doi.org/10.1007/978-3-032-15259-6_6",openalex+crossref,1,openalex+crossref-ref,b2-2026-06-02,b2-2026-06-02,1,
scopus-10#b2_22,scopus-10,2,2026,0,Gabriel Ayodeji Ogunmola; Madrahimov Ulugbek Abdukhalilovich; Umida Rustamovna Maraimova; Safina Nafisa Talgatovna,https://doi.org/10.1007/s43615-026-00895-2,,,,,,,1,Q1,,,,,,gabriel ayodeji ogunmola madrahimov ulugbek abdukhalilovich umida rustamovna maraimova safina nafisa talgatovna from technological innovation to sustainability performance the mediating role of green ,Scopus Q1,Gabriel Ayodeji Ogunmola; Madrahimov Ulugbek Abdukhalilovich; Umida Rustamovna Maraimova; Safina Nafisa Talgatovna (2026). From Technological Innovation to Sustainability Performance: The Mediating Role of Green Paradigms and the Moderating Role of Institutional Forces. Circular Economy and Sustainability. https://doi.org/10.1007/s43615-026-00895-2,openalex+semanticscholar,1,openalex+s2-edge,b2-2026-06-02,b2-2026-06-02,1,
scopus-10#b2_23,scopus-10,2,2026,0,Gabriel Ayodeji Ogunmola; Ulugbek Madrahimov; Umida Maraimova; Safina Talgatovna,https://doi.org/10.1108/msar-12-2025-0513,,,C,,,,1,Q3,,,,,,gabriel ayodeji ogunmola ulugbek madrahimov umida maraimova safina talgatovna technological innovation and green paradigms as drivers of sustainability a structural equation modeling study with instit,"ABDC: C, Scopus Q3",Gabriel Ayodeji Ogunmola; Ulugbek Madrahimov; Umida Maraimova; Safina Talgatovna (2026). Technological innovation and green paradigms as drivers of sustainability: a structural equation modeling study with institutional moderators. Management & Sustainability An Arab Review. https://doi.org/10.1108/msar-12-2025-0513,openalex+semanticscholar,1,openalex+s2-edge,b2-2026-06-02,b2-2026-06-02,1,
scopus-08#b2_24,scopus-08,2,2026,0,Yoseb Boari,https://doi.org/10.55463/issn.1674-2974.53.1.13,,,,,,,1,Q2,,,,,,yoseb boari examining work patterns and interaction patterns as dimensions of socio economic transformation a literature study,Scopus Q2,Yoseb Boari (2026). Examining Work Patterns And Interaction Patterns As Dimensions Of Socio-Economic Transformation: A Literature Study. Journal of Hunan University Natural Sciences. https://doi.org/10.55463/issn.1674-2974.53.1.13,openalex+semanticscholar,1,openalex+s2-edge,b2-2026-06-02,b2-2026-06-02,1,
scopus-04#b2_25,scopus-04,2,2026,0,Ci Fan; Tim Lenton,https://doi.org/10.1002/sd.70692,,,C,,4,,1,Q1,1,8.2,2024,,,ci fan tim lenton smart growth or energy waste the dual role of human capital patents and eco innovation in emerging market energy efficiency,"ABDC: C, FNEGE: 4, Scopus Q1, WoS (Impact Factor: 8.2)",Ci Fan; Tim Lenton (2026). Smart Growth or Energy Waste? The Dual Role of Human Capital Patents and Eco‐Innovation in Emerging Market Energy Efficiency. Sustainable Development. https://doi.org/10.1002/sd.70692,openalex+semanticscholar,1,openalex+s2-edge,b2-2026-06-02,b2-2026-06-02,1,
scopus-04#b2_26,scopus-04,2,2026,0,Tranoulidis Apostolos,https://doi.org/10.3390/world7040052,,,,,,,,,1,1.9,2024,,,tranoulidis apostolos forecasting carbon dioxide emissions in greece under decarbonization evidence from an arima time series model,WoS (Impact Factor: 1.9),Tranoulidis Apostolos (2026). Forecasting Carbon Dioxide Emissions in Greece Under Decarbonization: Evidence from an ARIMA Time Series Model. World. https://doi.org/10.3390/world7040052,openalex+semanticscholar,1,openalex+s2-edge,b2-2026-06-02,b2-2026-06-02,1,
abs-04#b2_27,abs-04,2,2025,0,Amvrosios Prodromou; Marilia Kountouridou,https://doi.org/10.4018/979-8-3693-5583-1.ch010,,,,,,,,,,,,,,amvrosios prodromou marilia kountouridou local entrepreneurial ecosystems for global market diversification,,Amvrosios Prodromou; Marilia Kountouridou (2025). Local Entrepreneurial Ecosystems for Global Market Diversification. Advances in computational intelligence and robotics book series. https://doi.org/10.4018/979-8-3693-5583-1.ch010,openalex+crossref,1,openalex+crossref-ref,b2-2026-06-02,b2-2026-06-02,1,
abs-02#b2_31,abs-02,2,2025,0,Patrizia Gazzola; Enrica Pavione; Rainer Hillebrand; Vincenza Vota; Rebecca Rosa,https://doi.org/10.3390/su17073104,,,,,,,1,Q1,1,3.3,2024,,,patrizia gazzola enrica pavione rainer hillebrand vincenza vota rebecca rosa the circular economy and the role of technology in the fashion industry a comparison of empirical evidence,"Scopus Q1, WoS (Impact Factor: 3.3)",Patrizia Gazzola; Enrica Pavione; Rainer Hillebrand; Vincenza Vota; Rebecca Rosa (2025). The Circular Economy and the Role of Technology in the Fashion Industry: A Comparison of Empirical Evidence. Sustainability. https://doi.org/10.3390/su17073104,openalex+semanticscholar,1,openalex+s2-edge,b2-2026-06-02,b2-2026-06-02,1,
abs-02#b2_32,abs-02,2,2025,0,Juan Pablo Sims; Yun‐Tso Lee; Brice Tseen Fu Lee,https://doi.org/10.1002/waf2.70022,,,,,,,1,Q2,,,,,,juan pablo sims yun tso lee brice tseen fu lee why china has already caught up with the united states rethinking power and technology,Scopus Q2,Juan Pablo Sims; Yun‐Tso Lee; Brice Tseen Fu Lee (2025). Why China Has Already Caught Up With the United States? Rethinking Power and Technology. World Affairs. https://doi.org/10.1002/waf2.70022,openalex+semanticscholar,1,openalex+s2-edge,b2-2026-06-02,b2-2026-06-02,1,
abs-02#b2_33,abs-02,2,2025,0,Francesco Scalamonti,https://doi.org/10.2139/ssrn.5264677,,,,,,,,,,,,,,francesco scalamonti inside the globalization paradigm the third wave and its impacts on economic growth in the meda region,,Francesco Scalamonti (2025). Inside the globalization paradigm: the “third-wave” and its impacts on economic growth in the MEDA region. SSRN Electronic Journal. https://doi.org/10.2139/ssrn.5264677,openalex+crossref,1,openalex+crossref-ref,b2-2026-06-02,b2-2026-06-02,1,
prephd-31#b2_34,prephd-31,2,2025,0,Yemisi Adelakun; Ojo Johnson Adelakun; Progress Hove-Sibanda,https://doi.org/10.1177/3049513x251401669,,,,,,,,,,,,,,yemisi adelakun ojo johnson adelakun progress hove sibanda individual entrepreneurial proactiveness a dispositional basis for entrepreneurial momentum,,Yemisi Adelakun; Ojo Johnson Adelakun; Progress Hove-Sibanda (2025). Individual Entrepreneurial Proactiveness: A Dispositional Basis for Entrepreneurial Momentum. Journal of contemporary business research.. https://doi.org/10.1177/3049513x251401669,openalex+semanticscholar,1,openalex+s2-edge,b2-2026-06-02,b2-2026-06-02,1,
prephd-31#b2_35,prephd-31,2,2025,0,Charlie Rivadeniera; Melchor Espiritu,https://doi.org/10.70838/pemj.510204,,,,,,,,,,,,,,charlie rivadeniera melchor espiritu how economic policies and microeconomic conditions affect the business growth of smes in the province of marinduque,,Charlie Rivadeniera; Melchor Espiritu (2025). How Economic Policies and Microeconomic Conditions Affect the Business Growth of SMEs in the Province of Marinduque. Psychology and Education A Multidisciplinary Journal. https://doi.org/10.70838/pemj.510204,openalex+semanticscholar,1,openalex+s2-edge,b2-2026-06-02,b2-2026-06-02,1,
prephd-27#b2_36,prephd-27,2,2025,0,Ruslan Polyakov; Владимир Кузин,https://doi.org/10.15688/ek.jvolsu.2025.3.3,,,,,,,,,,,,,,ruslan polyakov industrial clusters as a factor of sustainable regional development russian experience,,Ruslan Polyakov; Владимир Кузин (2025). INDUSTRIAL CLUSTERS AS A FACTOR OF SUSTAINABLE REGIONAL DEVELOPMENT: RUSSIAN EXPERIENCE. Vestnik Volgogradskogo gosudarstvennogo universiteta Ekonomika. https://doi.org/10.15688/ek.jvolsu.2025.3.3,openalex+semanticscholar,1,openalex+s2-edge,b2-2026-06-02,b2-2026-06-02,1,
prephd-22#b2_37,prephd-22,2,2025,0,I. A. Karachev,https://doi.org/10.52957/2221-3260-2025-10-132-149,4,,A*,,,1,1,Q1,1,1.3,2024,,,i a karachev gravitational mechanism of special economic zones essence and applied aspects,"ABS: 4, ABDC: A*, Scopus Q1, WoS (Impact Factor: 1.3), EconLit",I. A. Karachev (2025). Gravitational mechanism of special economic zones: essence and applied aspects. Theoretical economics. https://doi.org/10.52957/2221-3260-2025-10-132-149,openalex+semanticscholar,1,openalex+s2-edge,b2-2026-06-02,b2-2026-06-02,1,
prephd-17#b2_38,prephd-17,2,2025,0,Gintarė Pauliukevičienė,https://doi.org/10.20334/2025-046-m,,,,,,,,,,,,,,gintare pauliukeviciene sustainable development of the fintech industry,,Gintarė Pauliukevičienė (2025). Sustainable development of the FinTech industry. . https://doi.org/10.20334/2025-046-m,openalex+semanticscholar,1,openalex+s2-edge,b2-2026-06-02,b2-2026-06-02,1,
prephd-10#b2_39,prephd-10,2,2025,0,Burçin Saltık,https://doi.org/10.7456/tojdac.1798189,,,,,,,,,,,,,,burcin salt k cypriot furniture reflection of heritage craftsmanship and cultural design the case study of arkin vision furniture,,"Burçin Saltık (2025). CYPRIOT FURNITURE REFLECTION OF HERITAGE, CRAFTSMANSHIP, AND CULTURAL DESIGN: THE CASE STUDY OF ARKIN VISION FURNITURE. The Turkish Online Journal of Design Art and Communication. https://doi.org/10.7456/tojdac.1798189",openalex+semanticscholar,1,openalex+s2-edge,b2-2026-06-02,b2-2026-06-02,1,
prephd-07#b2_40,prephd-07,2,2025,0,Ismail Haddad,https://doi.org/10.59573/emsj.9(1,,,,,,,,,,,,,,ismail haddad regional development and the challenges of asynchronous change,,Ismail Haddad (2025). Regional Development and the Challenges of Asynchronous Change. European Modern Studies Journal. https://doi.org/10.59573/emsj.9(1,openalex+semanticscholar,1,openalex+s2-edge,b2-2026-06-02,b2-2026-06-02,1,
scopus-12#b2_41,scopus-12,2,2025,0,Yemisi Adelakun; Ojo Johnson Adelakun; Progress Hove-Sibanda,https://doi.org/10.1177/3049513x251401669,,,,,,,,,,,,,,yemisi adelakun ojo johnson adelakun progress hove sibanda individual entrepreneurial proactiveness a dispositional basis for entrepreneurial momentum,,Yemisi Adelakun; Ojo Johnson Adelakun; Progress Hove-Sibanda (2025). Individual Entrepreneurial Proactiveness: A Dispositional Basis for Entrepreneurial Momentum. Journal of contemporary business research.. https://doi.org/10.1177/3049513x251401669,openalex+semanticscholar,1,openalex+s2-edge,b2-2026-06-02,b2-2026-06-02,1,
scopus-08#b2_42,scopus-08,2,2025,0,Andi Asrifan; Nursyam Nursyam; Nurul Aini,https://doi.org/10.4018/979-8-3693-6463-5.ch004,,,,,,,,,,,,,,andi asrifan nursyam nursyam nurul aini lifelong learning as a lever for translator career longevity,,Andi Asrifan; Nursyam Nursyam; Nurul Aini (2025). Lifelong Learning as a Lever for Translator Career Longevity. IGI Global eBooks. https://doi.org/10.4018/979-8-3693-6463-5.ch004,openalex+crossref,1,openalex+crossref-ref,b2-2026-06-02,b2-2026-06-02,1,
scopus-08#b2_43,scopus-08,2,2025,0,Peter Kerckhofs; Jef Verhoeven,https://doi.org/10.3390/soc15040085,,,,,,,1,Q2,1,1.6,2024,,,peter kerckhofs jef verhoeven representativeness in employment relations and in sociological theories,"Scopus Q2, WoS (Impact Factor: 1.6)",Peter Kerckhofs; Jef Verhoeven (2025). Representativeness in Employment Relations and in Sociological Theories. Societies. https://doi.org/10.3390/soc15040085,openalex+semanticscholar,1,openalex+s2-edge,b2-2026-06-02,b2-2026-06-02,1,
scopus-08#b2_44,scopus-08,2,2025,0,Sobia Qureshi; Nimra Baig,https://doi.org/10.21015/vtess.v13i4.2340,,,,,,,,,,,,,,sobia qureshi nimra baig digital transformation in higher education pedagogical innovations challenges and learning outcomes,,"Sobia Qureshi; Nimra Baig (2025). Digital Transformation in Higher Education: Pedagogical Innovations, Challenges, and Learning Outcomes. VFAST Transactions on Education and Social Sciences. https://doi.org/10.21015/vtess.v13i4.2340",openalex+semanticscholar,1,openalex+s2-edge,b2-2026-06-02,b2-2026-06-02,1,
abs-02#b2_46,abs-02,2,2024,0,Aaron Ettinger,https://doi.org/10.64628/aam.4xm7trxry,,,,,,,,,,,,,,aaron ettinger more than money the geopolitics behind saudi arabia s sports strategy,,Aaron Ettinger (2024). More than money: The geopolitics behind Saudi Arabia’s sports strategy. . https://doi.org/10.64628/aam.4xm7trxry,openalex+crossref,1,openalex+crossref-ref,b2-2026-06-02,b2-2026-06-02,1,
prephd-37#b2_47,prephd-37,2,2024,0,Elyta; Herlan; Restuardy Daud,https://doi.org/10.18517/ijaseit.14.6.19740,,,,,,,1,Q4,,,,,,elyta herlan restuardy daud sustainable digital technology in supporting social recovery in the post covid 19 pandemic era political policy perspective,Scopus Q4,Elyta; Herlan; Restuardy Daud (2024). Sustainable Digital Technology in Supporting Social Recovery in the Post-COVID-19 Pandemic Era: Political Policy Perspective. International Journal on Advanced Science Engineering and Information Technology. https://doi.org/10.18517/ijaseit.14.6.19740,openalex+semanticscholar,1,openalex+s2-edge,b2-2026-06-02,b2-2026-06-02,1,
prephd-31#b2_48,prephd-31,2,2024,0,Engin Karafakıoğlu; Nimet Karaaslan,https://doi.org/10.4018/979-8-3693-8337-7.ch005,,,,,,,,,,,,,,engin karafak oglu nimet karaaslan a bibliometric analysis of the relationship between sustainable development and ecological theory in organizations,,Engin Karafakıoğlu; Nimet Karaaslan (2024). A Bibliometric Analysis of the Relationship Between Sustainable Development and Ecological Theory in Organizations. Advances in business strategy and competitive advantage book series. https://doi.org/10.4018/979-8-3693-8337-7.ch005,openalex+crossref,1,openalex+crossref-ref,b2-2026-06-02,b2-2026-06-02,1,
prephd-11#b2_49,prephd-11,2,2024,0,Francesco Scalamonti,https://doi.org/10.2139/ssrn.4943772,,,,,,,,,,,,,,francesco scalamonti the transition of the southern economies of mediterranean sea the macroeconomic framework and the determinants of foreign investments,,Francesco Scalamonti (2024). The Transition of the Southern Economies of Mediterranean Sea: The Macroeconomic Framework and the Determinants of Foreign Investments. SSRN Electronic Journal. https://doi.org/10.2139/ssrn.4943772,openalex+crossref,1,openalex+crossref-ref,b2-2026-06-02,b2-2026-06-02,1,
prephd-10#b2_50,prephd-10,2,2024,0,Deniz Ekmekçioğlu,https://doi.org/10.20488/sanattasarim.1603466,,,,,,,,,1,0.2,2024,,,deniz ekmekcioglu endustriyel tasarimda surdurulebilirlik girdisinin mobilya endustrisi uzerinden degerlendirilmesi,WoS (Impact Factor: 0.2),Deniz Ekmekçioğlu (2024). ENDÜSTRİYEL TASARIMDA SÜRDÜRÜLEBİLİRLİK GİRDİSİNİN MOBİLYA ENDÜSTRİSİ ÜZERİNDEN DEĞERLENDİRİLMESİ. Sanat ve Tasarım Dergisi. https://doi.org/10.20488/sanattasarim.1603466,openalex+crossref,1,openalex+crossref-ref,b2-2026-06-02,b2-2026-06-02,1,
prephd-09#b2_51,prephd-09,2,2024,0,Constantinos Challoumis - Κωνσταντίνος Χαλλουμής,https://doi.org/10.2139/ssrn.4814144,,,,,,,,,,,,,,constantinos challoumis international imprints on money cycle theory,,Constantinos Challoumis - Κωνσταντίνος Χαλλουμής (2024). Διεθνείς αποτυπώσεις στη θεωρία του κύκλου χρήματος(International Imprints on Money Cycle Theory). SSRN Electronic Journal. https://doi.org/10.2139/ssrn.4814144,openalex+semanticscholar,1,openalex+s2-edge,b2-2026-06-02,b2-2026-06-02,1,
scopus-08#b2_52,scopus-08,2,2024,0,Roman Chupandin,https://doi.org/10.21272/esbp.2024.4-10,,,,,,,,,,,,,,roman chupandin the labor market of ukraine challenges trends and business adaptation,,"Roman Chupandin (2024). The labor market of Ukraine: challenges, trends, and business adaptation. Economic sustainability and business practices. https://doi.org/10.21272/esbp.2024.4-10",openalex+semanticscholar,1,openalex+s2-edge,b2-2026-06-02,b2-2026-06-02,1,
scopus-08#b2_54,scopus-08,2,2023,0,Nurgul Koshkinbayeva; Zaure Shagataeva; Almagul Utepova; Kunsulu Taukebayeva; Sulugul Kurmantayeva,https://doi.org/10.20448/jeelr.v10i3.4726,,,,,,,1,Q3,,,,,,nurgul koshkinbayeva zaure shagataeva almagul utepova kunsulu taukebayeva sulugul kurmantayeva exploring pre service visual art teachers competitiveness through porter s five forces model,Scopus Q3,Nurgul Koshkinbayeva; Zaure Shagataeva; Almagul Utepova; Kunsulu Taukebayeva; Sulugul Kurmantayeva (2023). Exploring pre-service visual art teachers’ competitiveness through porter’s five forces model. Journal of Education and e-Learning Research. https://doi.org/10.20448/jeelr.v10i3.4726,openalex+semanticscholar,1,openalex+s2-edge,b2-2026-06-02,b2-2026-06-02,1,
prephd-10#b2_56,prephd-10,2,2022,0,Bo Yang; Bingqiang Liu; Tianjiao Zhu; Shaocong Wu; Hongchun Shu; Puling Cao,https://doi.org/10.2139/ssrn.4141945,,,,,,,,,,,,,,bo yang bingqiang liu tianjiao zhu shaocong wu hongchun shu puling cao pakistan s asian tiger dream by energy cooperation under china pakistan economic corridor an ahp swot analysis,,Bo Yang; Bingqiang Liu; Tianjiao Zhu; Shaocong Wu; Hongchun Shu; Puling Cao (2022). Pakistan's Asian Tiger Dream by Energy Cooperation Under China-Pakistan Economic Corridor: An Ahp-Swot Analysis. SSRN Electronic Journal. https://doi.org/10.2139/ssrn.4141945,openalex+crossref,1,openalex+crossref-ref,b2-2026-06-02,b2-2026-06-02,1,
prephd-37#b2_57,prephd-37,2,2021,0,Eleni Triantafillidou; Theodore Koutroukis,https://doi.org/10.19044/esj.2021.v17n31p179,,,,,,,,,,,,,,eleni triantafillidou theodore koutroukis the impact of covid 19 pandemic on the work landscape and employment policy responses insights from labor policies adopted in the greek context,,Eleni Triantafillidou; Theodore Koutroukis (2021). The Impact of Covid-19 Pandemic on The Work Landscape and Employment Policy Responses: Insights From Labor Policies Adopted in The Greek Context. European Scientific Journal ESJ. https://doi.org/10.19044/esj.2021.v17n31p179,openalex+semanticscholar,1,openalex+s2-edge,b2-2026-06-02,b2-2026-06-02,1,
prephd-17#b2_58,prephd-17,2,2021,0,Gintarė Pauliukevičienė; Jelena Stankevičienė,https://doi.org/10.3846/cibmee.2021.590,,,,,,,,,,,,,,gintare pauliukeviciene jelena stankeviciene assessment of the impact of external environment on fintech development,,"Gintarė Pauliukevičienė; Jelena Stankevičienė (2021). ASSESSMENT OF THE IMPACT OF EXTERNAL ENVIRONMENT ON FINTECH DEVELOPMENT. Contemporary issues in business, management and economics engineering. https://doi.org/10.3846/cibmee.2021.590",openalex+semanticscholar,1,openalex+s2-edge,b2-2026-06-02,b2-2026-06-02,1,
prephd-31#b2_59,prephd-31,2,2020,0,Н. С. Скопенко; Halyna Kundieieva; I. Yevsieieva-Severyna; Olha Mykhailenko,https://doi.org/10.24263/2304-974x-2020-9-3-17,,,,,,,1,Q3,,,,,,halyna kundieieva i yevsieieva severyna olha mykhailenko sectoral features in the formation of food industry enterprises competitiveness case of ukraine,Scopus Q3,Н. С. Скопенко; Halyna Kundieieva; I. Yevsieieva-Severyna; Olha Mykhailenko (2020). Sectoral features in the formation of food industry enterprises competitiveness: case of Ukraine. Ukrainian Food Journal. https://doi.org/10.24263/2304-974x-2020-9-3-17,openalex+semanticscholar,1,openalex+s2-edge,b2-2026-06-02,b2-2026-06-02,1,
abs-05#rv_0,abs-05,2,2025,0,Vũ Hoàng Nam,https://doi.org/10.71374/jfarv.v25.i290.10,,,,,,,,,,,,,,vu hoang nam cai thien moi truong kinh doanh e phat trien ben vung cac doanh nghiep viet nam trong boi canh moi,,Vũ Hoàng Nam (2025). Cải thiện môi trường kinh doanh để phát triển bền vững các doanh nghiệp Việt Nam trong bối cảnh mới. . https://doi.org/10.71374/jfarv.v25.i290.10,openalex,0,review-unconfirmed,b3-2026-06-02,b3-2026-06-02,0,1
proc-06#rv_2,proc-06,2,2025,0,Ebiegberi Zidafamor,https://doi.org/10.2139/ssrn.5219513,,,,,,,,,,,,,,ebiegberi zidafamor corrected copy of seminar paper,,Ebiegberi Zidafamor (2025). CORRECTED COPY OF SEMINAR PAPER. SSRN Electronic Journal. https://doi.org/10.2139/ssrn.5219513,openalex,0,review-unconfirmed,b3-2026-06-02,b3-2026-06-02,0,1
scopus-06#rv_3,scopus-06,2,2025,0,Vanshika Saklani; Mamta Bohra; Vidhi Kapruwan; Vinay Kandpal; Naresh Kumar Sharma,https://doi.org/10.4018/979-8-3693-9909-5.ch017,,,,,,,,,,,,,,vanshika saklani mamta bohra vidhi kapruwan vinay kandpal naresh kumar sharma digitalisation,,Vanshika Saklani; Mamta Bohra; Vidhi Kapruwan; Vinay Kandpal; Naresh Kumar Sharma (2025). Digitalisation. IGI Global eBooks. https://doi.org/10.4018/979-8-3693-9909-5.ch017,openalex,0,review-unconfirmed,b3-2026-06-02,b3-2026-06-02,0,1
proc-06#rv_4,proc-06,2,2024,0,Mary Kehinde Salawu; Tankiso Moloi,https://doi.org/10.18488/61.v12i2.3679,,,,,,,1,Q3,,,,,,mary kehinde salawu tankiso moloi the role of university industry partnership in innovative curriculum development a case study of south african universities in the fourth industrial revolution,Scopus Q3,Mary Kehinde Salawu; Tankiso Moloi (2024). The role of university–industry partnership in innovative curriculum development: A case study of South African universities in the fourth industrial revolution. International Journal of Education and Practice. https://doi.org/10.18488/61.v12i2.3679,openalex,0,review-unconfirmed,b3-2026-06-02,b3-2026-06-02,0,1
prephd-07#rv_5,prephd-07,2,2023,0,Наталія Іванова,https://doi.org/10.25140/2411-5215-2023-4(36,,,,,,,,,,,,,,transformation of the potential of regional economic systems consequences of a full scale invasion and prospects for post war reconstruction,,Наталія Іванова (2023). TRANSFORMATION OF THE POTENTIAL OF REGIONAL ECONOMIC SYSTEMS: CONSEQUENCES OF A FULL-SCALE INVASION AND PROSPECTS FOR POST-WAR RECONSTRUCTION. PROBLEMS AND PROSPECTS OF ECONOMIC AND MANAGEMENT. https://doi.org/10.25140/2411-5215-2023-4(36,openalex,0,review-unconfirmed,b3-2026-06-02,b3-2026-06-02,0,1
scopus-08#rv_6,scopus-08,2,2023,0,Rizq Adyatama Byantara; Ika Nurul Qamari; Mohd Shamsuri Md Saad,https://doi.org/10.26740/bisma.v15n2.p119-138,,,,,,,,,,,,,,rizq adyatama byantara ika nurul qamari mohd shamsuri md saad transformational leadership organisational climate and internal locus of control on innovative work behaviour in hospitality sector of rur,,"Rizq Adyatama Byantara; Ika Nurul Qamari; Mohd Shamsuri Md Saad (2023). Transformational leadership, organisational climate, and internal locus of control on innovative work behaviour in hospitality sector of rural area. BISMA (Bisnis dan Manajemen). https://doi.org/10.26740/bisma.v15n2.p119-138",openalex,0,review-unconfirmed,b3-2026-06-02,b3-2026-06-02,0,1
prephd-27#rv_7,prephd-27,2,2022,0,Andrii R. Dub,https://doi.org/10.32983/2222-4459-2022-7-79-85,,,,,,,,,,,,,,andrii r dub industrial parks as an instrument for forming regional poles of growth,,Andrii R. Dub (2022). Industrial Parks as an Instrument for Forming Regional Poles of Growth. Business Inform. https://doi.org/10.32983/2222-4459-2022-7-79-85,openalex,0,review-unconfirmed,b3-2026-06-02,b3-2026-06-02,0,1
prephd-07#rv_8,prephd-07,2,2022,0,Ahmad Mohd Khalid,https://doi.org/10.5296/ijrd.v9i1.19518,,,,,,,,,,,,,,ahmad mohd khalid developmental success and the sustainability challenge in a mountain region case of himachal pradesh in india,,Ahmad Mohd Khalid (2022). Developmental Success and the Sustainability Challenge in a Mountain Region: Case of Himachal Pradesh in India. International Journal of Regional Development. https://doi.org/10.5296/ijrd.v9i1.19518,openalex,0,review-unconfirmed,b3-2026-06-02,b3-2026-06-02,0,1
prephd-17#rv_43,prephd-17,2,2019,0,Evans Biwott; William Sakataka; Wasike Edward Wanyonyi,https://doi.org/10.32861/bmer.510.142.145,,,,,,,,,,,,,,evans biwott william sakataka wasike edward wanyonyi influence of investment skills on long term performance of athletes in elgeyo marakwet county kenya,,"Evans Biwott; William Sakataka; Wasike Edward Wanyonyi (2019). Influence of Investment Skills on Long Term Performance of Athletes in Elgeyo Marakwet County, Kenya. Business Management and Economics Research. https://doi.org/10.32861/bmer.510.142.145",openalex,0,review-unconfirmed,b3-2026-06-02,b3-2026-06-02,0,1
prephd-14#rv_45,prephd-14,2,2019,0,Evans Biwott; William Sakataka; Wasike Edward Wanyonyi,https://doi.org/10.32861/bmer.510.142.145,,,,,,,,,,,,,,evans biwott william sakataka wasike edward wanyonyi influence of investment skills on long term performance of athletes in elgeyo marakwet county kenya,,"Evans Biwott; William Sakataka; Wasike Edward Wanyonyi (2019). Influence of Investment Skills on Long Term Performance of Athletes in Elgeyo Marakwet County, Kenya. Business Management and Economics Research. https://doi.org/10.32861/bmer.510.142.145",openalex,0,review-unconfirmed,b3-2026-06-02,b3-2026-06-02,0,1
prephd-12#rv_47,prephd-12,2,2019,0,Evans Biwott; William Sakataka; Wasike Edward Wanyonyi,https://doi.org/10.32861/bmer.510.142.145,,,,,,,,,,,,,,evans biwott william sakataka wasike edward wanyonyi influence of investment skills on long term performance of athletes in elgeyo marakwet county kenya,,"Evans Biwott; William Sakataka; Wasike Edward Wanyonyi (2019). Influence of Investment Skills on Long Term Performance of Athletes in Elgeyo Marakwet County, Kenya. Business Management and Economics Research. https://doi.org/10.32861/bmer.510.142.145",openalex,0,review-unconfirmed,b3-2026-06-02,b3-2026-06-02,0,1
prephd-10#rv_49,prephd-10,2,2019,0,Evans Biwott; William Sakataka; Wasike Edward Wanyonyi,https://doi.org/10.32861/bmer.510.142.145,,,,,,,,,,,,,,evans biwott william sakataka wasike edward wanyonyi influence of investment skills on long term performance of athletes in elgeyo marakwet county kenya,,"Evans Biwott; William Sakataka; Wasike Edward Wanyonyi (2019). Influence of Investment Skills on Long Term Performance of Athletes in Elgeyo Marakwet County, Kenya. Business Management and Economics Research. https://doi.org/10.32861/bmer.510.142.145",openalex,0,review-unconfirmed,b3-2026-06-02,b3-2026-06-02,0,1
gs#gs_0,,2,2026,0,"ML Ndaba, S Sivakumar",https://doi.org/10.1007/s42087-026-00615-0,,,,,,,,,,,,,,ml ndaba s sivakumar beyond fragmented leadership models a conceptual integrated theory of leadership effectiveness in a vuca world,,"ML Ndaba, S Sivakumar (2026). Beyond Fragmented Leadership Models: A Conceptual Integrated Theory of Leadership Effectiveness in a VUCA World. Human Arenas. https://doi.org/10.1007/s42087-026-00615-0",googlescholar,0,gs-review-unconfirmed,b3-2026-06-02,b3-2026-06-02,0,1
gs#gs_1,,2,2026,0,A Masouras,https://www.academia.edu/download/131971952/2026_Co_Constructing_Economic_Transformation.pdf,,,,,,,,,,,,,,a masouras christos christodoulou volos,,A Masouras (2026). Christos Christodoulou Volos. . https://www.academia.edu/download/131971952/2026_Co_Constructing_Economic_Transformation.pdf,googlescholar,0,gs-review-unconfirmed,b3-2026-06-02,b3-2026-06-02,0,1
gs#gs_2,,2,2026,0,"M Komodromos, T Harkiolakis, ...",https://www.igi-global.com/chapter/communication-infrastructures-and-platform-dynamics-in-shaping-entrepreneurial-success/403472,,,,,,,,,,,,,,m komodromos t harkiolakis communication infrastructures and platform dynamics in shaping entrepreneurial success a qualitative study of market participation in greece and cyprus,,"M Komodromos, T Harkiolakis, ... (2026). Communication Infrastructures and Platform Dynamics in Shaping Entrepreneurial Success: A Qualitative Study of Market Participation in Greece and Cyprus. … , and Systemic Design. https://www.igi-global.com/chapter/communication-infrastructures-and-platform-dynamics-in-shaping-entrepreneurial-success/403472",googlescholar,0,gs-review-unconfirmed,b3-2026-06-02,b3-2026-06-02,0,1
gs#gs_3,,2,2026,0,I Abid,https://www.emerald.com/jec/article/20/1/152/1276336,,,,,,,,,,,,,,i abid dynamics of entrepreneurial activity in the gulf cooperation council countries the role of economic factors global trade and digital infrastructure,,"I Abid (2026). Dynamics of entrepreneurial activity in the Gulf Cooperation Council countries: the role of economic factors, global trade and digital infrastructure. Journal of Enterprising Communities: People and …. https://www.emerald.com/jec/article/20/1/152/1276336",googlescholar,0,gs-review-unconfirmed,b3-2026-06-02,b3-2026-06-02,0,1
gs#gs_4,,2,2026,0,HM Jasbi,https://www.igi-global.com/chapter/entrepreneurship-in-irans-energy-industry/402928,,,,,,,,,,,,,,hm jasbi entrepreneurship in iran s energy industry navigating government intervention sanctions and emerging opportunities,,HM Jasbi (2026). Entrepreneurship in Iran's Energy Industry: Navigating Government Intervention Sanctions and Emerging Opportunities. Entrepreneurship in the International Political Economy …. https://www.igi-global.com/chapter/entrepreneurship-in-irans-energy-industry/402928,googlescholar,0,gs-review-unconfirmed,b3-2026-06-02,b3-2026-06-02,0,1
gs#gs_5,,2,2026,0,"C Challoumis, N Eriotis, D Vasiliou",https://www.researchgate.net/profile/Constantinos-Challoumis-Konstantinos-Challoumes/publication/402012632_FROM_CULTURAL_PRESERVATION_TO_GREEN_COMPETITIVENESS_A_HISTORICAL_LITERATURE_REVIEW_OF_GREEK_CULTURAL_ENTERPRISES/links/69b5256ef5cc681fca5eff2c/FROM-CULTURAL-PRESERVATION-TO-GREEN-COMPETITIVENESS-A-HISTORICAL-LITERATURE-REVIEW-OF-GREEK-CULTURAL-ENTERPRISES.pdf,,,,,,,,,,,,,,c challoumis n eriotis d vasiliou from cultural preservation to green competitiveness a historical literature review of greek cultural enterprises,,"C Challoumis, N Eriotis, D Vasiliou (2026). FROM CULTURAL PRESERVATION TO GREEN COMPETITIVENESS: A HISTORICAL LITERATURE REVIEW OF GREEK CULTURAL ENTERPRISES. . https://www.researchgate.net/profile/Constantinos-Challoumis-Konstantinos-Challoumes/publication/402012632_FROM_CULTURAL_PRESERVATION_TO_GREEN_COMPETITIVENESS_A_HISTORICAL_LITERATURE_REVIEW_OF_GREEK_CULTURAL_ENTERPRISES/links/69b5256ef5cc681fca5eff2c/FROM-CULTURAL-PRESERVATION-TO-GREEN-COMPETITIVENESS-A-HISTORICAL-LITERATURE-REVIEW-OF-GREEK-CULTURAL-ENTERPRISES.pdf",googlescholar,0,gs-review-unconfirmed,b3-2026-06-02,b3-2026-06-02,0,1
gs#gs_6,,2,2026,0,"O Khasawneh, A Alzghoul",https://search.proquest.com/openview/c4900e46d3062801301fb8273cbbba29/1?pq-origsite=gscholar&cbl=816340,,,,,,,,,,,,,,o khasawneh a alzghoul leveraging fintech driven financial inclusion and esg integration to advance affordable and clean energy access,,"O Khasawneh, A Alzghoul (2026). Leveraging FinTech-Driven Financial Inclusion and ESG Integration to Advance Affordable and Clean Energy Access. International Journal of Energy …. https://search.proquest.com/openview/c4900e46d3062801301fb8273cbbba29/1?pq-origsite=gscholar&cbl=816340",googlescholar,0,gs-review-unconfirmed,b3-2026-06-02,b3-2026-06-02,0,1
gs#gs_7,,2,2026,0,"AB Kumar, K Sanjaya",https://doi.org/10.1201/9781003771937-24,,,,,,,,,,,,,,ab kumar k sanjaya regionalism vs globalism competing visions of international order,,"AB Kumar, K Sanjaya (2026). Regionalism vs globalism: Competing visions of international order. Humanities and Social Sciences. https://doi.org/10.1201/9781003771937-24",googlescholar,0,gs-review-unconfirmed,b3-2026-06-02,b3-2026-06-02,0,1
gs#gs_8,,2,2026,0,J Joseph,https://www.igi-global.com/chapter/role-of-brics-in-the-international-relations-of-the-21st-century/395725,,,,,,,,,,,,,,j joseph role of brics in the international relations of the 21st century a critical analysis through the lens of multipolarity,,J Joseph (2026). Role of BRICS in the International Relations of the 21st Century: A Critical Analysis Through the Lens of Multipolarity. Shifting Power Dynamics in International Relations …. https://www.igi-global.com/chapter/role-of-brics-in-the-international-relations-of-the-21st-century/395725,googlescholar,0,gs-review-unconfirmed,b3-2026-06-02,b3-2026-06-02,0,1
gs#gs_9,,2,2026,0,"SD Mohamed Pero, MAR Norman, ...",https://doi.org/10.1177/09749101261428567,,,,,,,,,,,,,,sd mohamed pero mar norman strategic calculations in a multipolar era rcep and the emergence of an hio in the asia pacific,,"SD Mohamed Pero, MAR Norman, ... (2026). Strategic Calculations in a Multipolar Era: RCEP and the Emergence of an HIO in the Asia-Pacific. Global Journal of …. https://doi.org/10.1177/09749101261428567",googlescholar,0,gs-review-unconfirmed,b3-2026-06-02,b3-2026-06-02,0,1
gs#gs_10,,2,2026,0,"NHM Noor, A Zainuddin, IS Al Koliby, MA Al-Hakimi",https://www.researchsquare.com/article/rs-8311709/latest,,,,,,,,,,,,,,nhm noor a zainuddin is al koliby ma al hakimi sustainability performance of women entrepreneurs in developing countries a multidimensional analysis of public policy culture competencies and gender,,"NHM Noor, A Zainuddin, IS Al Koliby, MA Al-Hakimi (2026). Sustainability Performance of Women Entrepreneurs in Developing Countries: A Multidimensional Analysis of Public Policy, Culture, Competencies, and Gender …. . https://www.researchsquare.com/article/rs-8311709/latest",googlescholar,0,gs-review-unconfirmed,b3-2026-06-02,b3-2026-06-02,0,1
gs#gs_11,,2,2026,0,"N Singh, JK Gupta, S Kumar, A Roy, ...",https://www.igi-global.com/chapter/the-evolving-role-of-international-organizations-in-the-21st-century/385986,,,,,,,,,,,,,,n singh jk gupta s kumar a roy the evolving role of international organizations in the 21st century,,"N Singh, JK Gupta, S Kumar, A Roy, ... (2026). The Evolving Role of International Organizations in the 21st Century. … , Geopolitics, and the …. https://www.igi-global.com/chapter/the-evolving-role-of-international-organizations-in-the-21st-century/385986",googlescholar,0,gs-review-unconfirmed,b3-2026-06-02,b3-2026-06-02,0,1
gs#gs_12,,2,2026,0,"A Wanjiku, N Akinyi, C Adhiambo",https://www.scieclouds.com/ojsnew/index.php/JSHP/article/view/275,,,,,,,,,,,,,,a wanjiku n akinyi c adhiambo the impact of urbanization on women s roles and family dynamics,,"A Wanjiku, N Akinyi, C Adhiambo (2026). The Impact of Urbanization on Women's Roles and Family Dynamics. Journal Social Humanity …. https://www.scieclouds.com/ojsnew/index.php/JSHP/article/view/275",googlescholar,0,gs-review-unconfirmed,b3-2026-06-02,b3-2026-06-02,0,1
gs#gs_13,,2,2025,0,D Ng,https://books.google.com/books?hl=en&lr=&id=JYlVEQAAQBAJ&oi=fnd&pg=PA137&ots=kw1VVPYjKU&sig=EpK5-7gL3w8rphRONrWyKrcp-_E,,,,,,,,,,,,,,d ng 7 critical discourse analysis of the headlines about the regional comprehensive economic partnership in the china daily the jakarta times and the straits times,,"D Ng (2025). 7 Critical Discourse Analysis of the Headlines about the Regional Comprehensive Economic Partnership in the China Daily, The Jakarta Times, and The Straits Times. Meaning Generation in Chinese Official Media …. https://books.google.com/books?hl=en&lr=&id=JYlVEQAAQBAJ&oi=fnd&pg=PA137&ots=kw1VVPYjKU&sig=EpK5-7gL3w8rphRONrWyKrcp-_E",googlescholar,0,gs-review-unconfirmed,b3-2026-06-02,b3-2026-06-02,0,1
gs#gs_14,,2,2025,0,"A Polyanska, D Sala, V Psyuk, Y Pazynich",https://www.mdpi.com/1996-1073/18/20/5406,,,,,,,,,,,,,,a polyanska d sala v psyuk y pazynich a multicriteria approach to the study of the energy transition results for eu countries,,"A Polyanska, D Sala, V Psyuk, Y Pazynich (2025). A Multicriteria Approach to the Study of the Energy Transition Results for EU Countries. Energies. https://www.mdpi.com/1996-1073/18/20/5406",googlescholar,0,gs-review-unconfirmed,b3-2026-06-02,b3-2026-06-02,0,1
gs#gs_15,,2,2025,0,"TA Alka, R Raman, M Suresh",https://www.mdpi.com/1996-1073/18/16/4373,,,,,,,,,,,,,,ta alka r raman m suresh analyzing the causal relationships among socioeconomic factors influencing sustainable energy enterprises in india,,"TA Alka, R Raman, M Suresh (2025). Analyzing the causal relationships among socioeconomic factors influencing sustainable energy enterprises in India. Energies. https://www.mdpi.com/1996-1073/18/16/4373",googlescholar,0,gs-review-unconfirmed,b3-2026-06-02,b3-2026-06-02,0,1
gs#gs_16,,2,2025,0,I Nica,https://www.emerald.com/k/article/54/6/3322/1247453,,,,,,,,,,,,,,i nica bibliometric mapping in the landscape of cybernetics insights into global research networks,,I Nica (2025). Bibliometric mapping in the landscape of cybernetics: insights into global research networks. Kybernetes. https://www.emerald.com/k/article/54/6/3322/1247453,googlescholar,0,gs-review-unconfirmed,b3-2026-06-02,b3-2026-06-02,0,1
gs#gs_17,,2,2025,0,DM Ramjit,https://j.ideasspread.org/les/article/view/1462,,,,,,,,,,,,,,dm ramjit bipolarity in flux international political economy in contemporary times,,"DM Ramjit (2025). Bipolarity in Flux: International Political Economy in Contemporary Times. Law, Economics and Society. https://j.ideasspread.org/les/article/view/1462",googlescholar,0,gs-review-unconfirmed,b3-2026-06-02,b3-2026-06-02,0,1
gs#gs_18,,2,2025,0,"WL Megginson, P Mueller, A Munteanu, ...",https://papers.ssrn.com/sol3/papers.cfm?abstract_id=5457214,,,,,,,,,,,,,,wl megginson p mueller a munteanu charting new frontiers a contemporary perspective on state ownership,,"WL Megginson, P Mueller, A Munteanu, ... (2025). Charting New Frontiers: A Contemporary Perspective on State Ownership. Available at SSRN …. https://papers.ssrn.com/sol3/papers.cfm?abstract_id=5457214",googlescholar,0,gs-review-unconfirmed,b3-2026-06-02,b3-2026-06-02,0,1
gs#gs_19,,2,2025,0,"O Ivashko, A Simakhova, V Soliakov, J Choroszczak",https://www.mdpi.com/1996-1073/18/17/4750,,,,,,,,,,,,,,o ivashko a simakhova v soliakov j choroszczak clustering eu member states by energy security level using kohonen maps,,"O Ivashko, A Simakhova, V Soliakov, J Choroszczak (2025). Clustering EU Member States by Energy Security Level Using Kohonen Maps. Energies. https://www.mdpi.com/1996-1073/18/17/4750",googlescholar,0,gs-review-unconfirmed,b3-2026-06-02,b3-2026-06-02,0,1
gs#gs_20,,2,2025,0,D Ng,https://api.taylorfrancis.com/content/chapters/edit/download?identifierName=doi&identifierValue=10.4324/9781003454069-8&type=chapterpdf,,,,,,,,,,,,,,d ng critical discourse analysis of the headlines about the regional comprehensive economic partnership in the china daily the jakarta times and the straits times,,"D Ng (2025). Critical Discourse Analysis of the Headlines about the Regional Comprehensive Economic Partnership in the China Daily, The Jakarta Times, and The Straits Times. Meaning Generation in Chinese Official Media …. https://api.taylorfrancis.com/content/chapters/edit/download?identifierName=doi&identifierValue=10.4324/9781003454069-8&type=chapterpdf",googlescholar,0,gs-review-unconfirmed,b3-2026-06-02,b3-2026-06-02,0,1
gs#gs_21,,2,2025,0,P Arte,https://papers.ssrn.com/sol3/papers.cfm?abstract_id=5429534,,,,,,,,,,,,,,p arte deglobalisation or reglobalisation a macroperspective on the reemergence of the global economy,,P Arte (2025). Deglobalisation or Reglobalisation? A Macroperspective on the Reemergence of the Global Economy. A Macroperspective on the Reemergence of the Global …. https://papers.ssrn.com/sol3/papers.cfm?abstract_id=5429534,googlescholar,0,gs-review-unconfirmed,b3-2026-06-02,b3-2026-06-02,0,1
gs#gs_22,,2,2025,0,"T Ncanywa, N Dyantyi, AJ Asaleye",https://www.mdpi.com/2227-7099/13/4/107,,,,,,,,,,,,,,t ncanywa n dyantyi aj asaleye empowerment through entrepreneurship a mixed methods analysis of social grants and economic sufficiency,,"T Ncanywa, N Dyantyi, AJ Asaleye (2025). Empowerment through entrepreneurship: a mixed-methods analysis of social grants and economic sufficiency. Economies. https://www.mdpi.com/2227-7099/13/4/107",googlescholar,0,gs-review-unconfirmed,b3-2026-06-02,b3-2026-06-02,0,1
gs#gs_23,,2,2025,0,"G Herrera-Franco, PG González, ...",https://search.ebscohost.com/login.aspx?direct=true&profile=ehost&scope=site&authtype=crawler&jrnl=17437601&AN=187662550&h=IZKxRed6pA1j%2F09saJj%2FpL184BLwlZugdy1UTNOBxabhnvs9wORd4Rwf48MlmTpZV4KpLc0Cv79GrsviBG6%2FuQ%3D%3D&crl=c,,,,,,,,,,,,,,g herrera franco pg gonzalez energy efficiency assessment a path to sustainability in housing santa elena canton ecuador,,"G Herrera-Franco, PG González, ... (2025). Energy Efficiency Assessment: A Path to Sustainability in Housing, Santa Elena Canton, Ecuador.. International …. https://search.ebscohost.com/login.aspx?direct=true&profile=ehost&scope=site&authtype=crawler&jrnl=17437601&AN=187662550&h=IZKxRed6pA1j%2F09saJj%2FpL184BLwlZugdy1UTNOBxabhnvs9wORd4Rwf48MlmTpZV4KpLc0Cv79GrsviBG6%2FuQ%3D%3D&crl=c",googlescholar,0,gs-review-unconfirmed,b3-2026-06-02,b3-2026-06-02,0,1
gs#gs_24,,2,2025,0,"I Yusnita, A Kadim, R Lesmana, ...",https://journal.pandawan.id/sabda/article/view/734,,,,,,,,,,,,,,i yusnita a kadim r lesmana examining the interaction of economic business strategies in the context of global market dynamics,,"I Yusnita, A Kadim, R Lesmana, ... (2025). Examining the interaction of economic business strategies in the context of global market dynamics. Startupreneur …. https://journal.pandawan.id/sabda/article/view/734",googlescholar,0,gs-review-unconfirmed,b3-2026-06-02,b3-2026-06-02,0,1
gs#gs_25,,2,2025,0,A Almaleh,https://ieeexplore.ieee.org/abstract/document/11206137/,,,,,,,,,,,,,,a almaleh explain city explainable spatio temporal deep learning for urban resilience and risk governance,,A Almaleh (2025). ExplAIn-City: Explainable Spatio-Temporal Deep Learning for Urban Resilience and Risk Governance. IEEE Access. https://ieeexplore.ieee.org/abstract/document/11206137/,googlescholar,0,gs-review-unconfirmed,b3-2026-06-02,b3-2026-06-02,0,1
gs#gs_26,,2,2025,0,D Banerjee,https://papers.ssrn.com/sol3/papers.cfm?abstract_id=5458914,,,,,,,,,,,,,,d banerjee fdi regime security in the global south and the international system analyzing the impact of polarity,,"D Banerjee (2025). FDI, Regime Security in the Global South and the International System: Analyzing the Impact of Polarity. Regime Security in the Global South and the …. https://papers.ssrn.com/sol3/papers.cfm?abstract_id=5458914",googlescholar,0,gs-review-unconfirmed,b3-2026-06-02,b3-2026-06-02,0,1
gs#gs_27,,2,2025,0,"I Đalić, N Đalić, Ž Erceg",https://www.ekonbiz.ues.rs.ba/ojs/article/download/345/350.pdf,,,,,,,,,,,,,,i alic n alic z erceg from globalization to multipolarity trend or necessity,,"I Đalić, N Đalić, Ž Erceg (2025). FROM GLOBALIZATION TO MULTIPOLARITY: TREND OR NECESSITY?. Proceedings EKONBIZ. https://www.ekonbiz.ues.rs.ba/ojs/article/download/345/350.pdf",googlescholar,0,gs-review-unconfirmed,b3-2026-06-02,b3-2026-06-02,0,1
gs#gs_28,,2,2025,0,P Farmaki,https://www.mdpi.com/2071-1050/17/22/10049,,,,,,,,,,,,,,p farmaki from leisure to responsibility environmental awareness of domestic tourists in greece on climate water resources and renewable energy use,,"P Farmaki (2025). From Leisure to Responsibility: Environmental Awareness of Domestic Tourists in Greece on Climate, Water Resources, and Renewable Energy Use. Sustainability. https://www.mdpi.com/2071-1050/17/22/10049",googlescholar,0,gs-review-unconfirmed,b3-2026-06-02,b3-2026-06-02,0,1
gs#gs_29,,2,2025,0,"D Kumar, SK Pandey, N Sharma",https://search.proquest.com/openview/564e169abf905f53e9942530bc52ec24/1?pq-origsite=gscholar&cbl=55210,,,,,,,,,,,,,,d kumar sk pandey n sharma green and sustainable smart cities a cross disciplinary framework for health technology law and business development,,"D Kumar, SK Pandey, N Sharma (2025). GREEN AND SUSTAINABLE SMART CITIES: A CROSS-DISCIPLINARY FRAMEWORK FOR HEALTH, TECHNOLOGY, LAW, AND BUSINESS DEVELOPMENT. Lex Localis. https://search.proquest.com/openview/564e169abf905f53e9942530bc52ec24/1?pq-origsite=gscholar&cbl=55210",googlescholar,0,gs-review-unconfirmed,b3-2026-06-02,b3-2026-06-02,0,1
gs#gs_30,,2,2025,0,L Solymosi,https://real.mtak.hu/237006/,,,,,,,,,,,,,,l solymosi globalizacios paradigmak utkozese a 21 szazadban dugin es a nyugati gondolkodas szerepe a multipolaris vilagrend formalodasaban,,L Solymosi (2025). Globalizációs paradigmák ütközése a 21. században: Dugin és a nyugati gondolkodás szerepe a multipoláris világrend formálódásában. Hadtudományi Szemle. https://real.mtak.hu/237006/,googlescholar,0,gs-review-unconfirmed,b3-2026-06-02,b3-2026-06-02,0,1
gs#gs_31,,2,2025,0,AU Zaman,https://scienceget.org/index.php/pjbis/article/view/90,,,,,,,,,,,,,,au zaman green energy entrepreneurship emerging business models for decentralized renewable power in developing economies,,AU Zaman (2025). Green energy entrepreneurship: Emerging business models for decentralized renewable power in developing economies. Pacific Journal of Business Innovation and Strategy. https://scienceget.org/index.php/pjbis/article/view/90,googlescholar,0,gs-review-unconfirmed,b3-2026-06-02,b3-2026-06-02,0,1
gs#gs_32,,2,2025,0,"TA Alka, M Suresh, AU Rehman, S Muthuswamy",https://www.mdpi.com/2071-1050/17/24/10936,,,,,,,,,,,,,,ta alka m suresh au rehman s muthuswamy lean implementation in sustainable energy entrepreneurship key drivers for operational efficiency,,"TA Alka, M Suresh, AU Rehman, S Muthuswamy (2025). Lean Implementation in Sustainable Energy Entrepreneurship: Key Drivers for Operational Efficiency. Sustainability. https://www.mdpi.com/2071-1050/17/24/10936",googlescholar,0,gs-review-unconfirmed,b3-2026-06-02,b3-2026-06-02,0,1
gs#gs_33,,2,2025,0,A Kochanek,https://www.researchgate.net/profile/Anna-Kochanek/publication/404954371_Model_integracji_sztucznej_inteligencji_i_analiz_przestrzennych_w_procesie_odejmowania_decyzji_lokalizacyjnych_dla_obiektow_odnawialnych_zrodel_energii/links/6a0acc75ffeb2910364ba820/Model-integracji-sztucznej-inteligencji-i-analiz-przestrzennych-w-procesie-odejmowania-decyzji-lokalizacyjnych-dla-obiektow-odnawialnych-zrodel-energii.pdf,,,,,,,,,,,,,,a kochanek model integracji sztucznej inteligencji i analiz przestrzennych w procesie podejmowania decyzji lokalizacyjnych dla obiektow odnawialnych zrode energii,,A Kochanek (2025). Model integracji sztucznej inteligencji i analiz przestrzennych w procesie podejmowania decyzji lokalizacyjnych dla obiektów odnawialnych źródeł energii. . https://www.researchgate.net/profile/Anna-Kochanek/publication/404954371_Model_integracji_sztucznej_inteligencji_i_analiz_przestrzennych_w_procesie_odejmowania_decyzji_lokalizacyjnych_dla_obiektow_odnawialnych_zrodel_energii/links/6a0acc75ffeb2910364ba820/Model-integracji-sztucznej-inteligencji-i-analiz-przestrzennych-w-procesie-odejmowania-decyzji-lokalizacyjnych-dla-obiektow-odnawialnych-zrodel-energii.pdf,googlescholar,0,gs-review-unconfirmed,b3-2026-06-02,b3-2026-06-02,0,1
gs#gs_34,,2,2025,0,"I Al Khatib, A Ali, M Ndiaye, MF Shaaban",https://www.sciencedirect.com/science/article/pii/S0378775325020932,,,,,,,,,,,,,,i al khatib a ali m ndiaye mf shaaban multi energy systems in smart cities infrastructure and optimization for sustainable energy,,"I Al Khatib, A Ali, M Ndiaye, MF Shaaban (2025). Multi-energy systems in smart cities: Infrastructure and Optimization for sustainable energy. Journal of Power Sources. https://www.sciencedirect.com/science/article/pii/S0378775325020932",googlescholar,0,gs-review-unconfirmed,b3-2026-06-02,b3-2026-06-02,0,1
gs#gs_35,,2,2025,0,"T Skoczkowski, S Bielecki, M Wołowicz, A Węglarz",https://www.mdpi.com/1996-1073/18/15/3932,,,,,,,,,,,,,,t skoczkowski s bielecki m wo owicz a weglarz redefining energy management for carbon neutral supply chains in energy intensive industries an eu perspective,,"T Skoczkowski, S Bielecki, M Wołowicz, A Węglarz (2025). Redefining energy management for carbon-neutral supply chains in energy-intensive industries: An EU perspective. Energies. https://www.mdpi.com/1996-1073/18/15/3932",googlescholar,0,gs-review-unconfirmed,b3-2026-06-02,b3-2026-06-02,0,1
gs#gs_36,,2,2025,0,"Ö Garan, İ Güneş",https://dergipark.org.tr/en/pub/iuipad/article/1650031,,,,,,,,,,,,,,o garan i gunes reframing sdg 11 through the triple helix model rethinking urban sustainability and institutional synergy,,"Ö Garan, İ Güneş (2025). Reframing SDG 11 Through the Triple Helix Model: Rethinking Urban Sustainability and Institutional Synergy. İktisat Politikası Araştırmaları Dergisi. https://dergipark.org.tr/en/pub/iuipad/article/1650031",googlescholar,0,gs-review-unconfirmed,b3-2026-06-02,b3-2026-06-02,0,1
gs#gs_37,,2,2025,0,"KA Suda, NSA Rani, I Boubekeur",https://ieeexplore.ieee.org/abstract/document/11319031/,,,,,,,,,,,,,,ka suda nsa rani i boubekeur stakeholder collaboration for smart city development in malaysia a triple helix perspective,,"KA Suda, NSA Rani, I Boubekeur (2025). Stakeholder Collaboration for Smart City Development in Malaysia: A Triple Helix Perspective. 2025 IEEE International …. https://ieeexplore.ieee.org/abstract/document/11319031/",googlescholar,0,gs-review-unconfirmed,b3-2026-06-02,b3-2026-06-02,0,1
gs#gs_38,,2,2025,0,"L Yue, L Yu, THC Fei",https://knowledgewords.com/index.php/ijarems/article/view/1525,,,,,,,,,,,,,,l yue l yu thc fei the innovation beat global rhythms and pulse points,,"L Yue, L Yu, THC Fei (2025). The Innovation Beat: Global Rhythms and Pulse Points. International Journal of Academic …. https://knowledgewords.com/index.php/ijarems/article/view/1525",googlescholar,0,gs-review-unconfirmed,b3-2026-06-02,b3-2026-06-02,0,1
gs#gs_39,,2,2025,0,LM Abuyousef,https://repository.aaup.edu/handle/123456789/3450,,,,,,,,,,,,,,lm abuyousef the russian ukrainian war between the legal aspects and the future of international system,,LM Abuyousef (2025). The Russian-Ukrainian War Between the Legal Aspects and the Future of International System رسالة ماجستير‎. . https://repository.aaup.edu/handle/123456789/3450,googlescholar,0,gs-review-unconfirmed,b3-2026-06-02,b3-2026-06-02,0,1
gs#gs_40,,2,2025,0,"J Łukasiewicz, B Bajan, K Pawlak",https://journals.plos.org/plosone/article?id=10.1371/journal.pone.0328866,,,,,,,,,,,,,,j ukasiewicz b bajan k pawlak towards greater integration prospects for the development of agri food trade between the eu and rcep countries,,"J Łukasiewicz, B Bajan, K Pawlak (2025). Towards greater integration: Prospects for the development of agri-food trade between the EU and RCEP countries. Plos one. https://journals.plos.org/plosone/article?id=10.1371/journal.pone.0328866",googlescholar,0,gs-review-unconfirmed,b3-2026-06-02,b3-2026-06-02,0,1
gs#gs_41,,2,2025,0,I Chawla,https://brill.com/view/journals/ejea/24/3/article-p285_4.xml,,,,,,,,,,,,,,i chawla tracing global value chains in the rcep domain participation position and asymmetric value capture,,"I Chawla (2025). Tracing Global Value Chains in the RCEP Domain: Participation, Position and Asymmetric Value Capture. European Journal of East Asian Studies. https://brill.com/view/journals/ejea/24/3/article-p285_4.xml",googlescholar,0,gs-review-unconfirmed,b3-2026-06-02,b3-2026-06-02,0,1
gs#gs_42,,2,2025,0,"EK Nassary, AJ Magubika, LL Mwampashi, ...",https://www.sciencedirect.com/science/article/pii/S2211467X2500272X,,,,,,,,,,,,,,ek nassary aj magubika ll mwampashi transitioning to clean energy and opportunities for developing countries,,"EK Nassary, AJ Magubika, LL Mwampashi, ... (2025). Transitioning to clean energy and opportunities for developing countries. Energy Strategy …. https://www.sciencedirect.com/science/article/pii/S2211467X2500272X",googlescholar,0,gs-review-unconfirmed,b3-2026-06-02,b3-2026-06-02,0,1
gs#gs_43,,2,2025,0,"A Asker, A Çiçek",https://dergipark.org.tr/en/pub/mtad/issue/88621/1611609?utm_source=chatgpt.com,,,,,,,,,,,,,,a asker a cicek turk devletleri teskilat icin stratejik kamu diplomasisi onerisi,,"A Asker, A Çiçek (2025). Türk Devletleri Teşkilatı için stratejik kamu diplomasisi önerisi. Marmara Türkiyat Araştırmaları Dergisi. https://dergipark.org.tr/en/pub/mtad/issue/88621/1611609?utm_source=chatgpt.com",googlescholar,0,gs-review-unconfirmed,b3-2026-06-02,b3-2026-06-02,0,1
gs#gs_44,,2,2025,0,"IR Ruiz Castro, MI Gómez-Caicedo, M Gaitán Angulo, ...",https://digibug.ugr.es/handle/10481/105878,,,,,,,,,,,,,,ir ruiz castro mi gomez caicedo m gaitan angulo unveiling the drivers of competitiveness a study across latin america and europe,,"IR Ruiz Castro, MI Gómez-Caicedo, M Gaitán Angulo, ... (2025). Unveiling the Drivers of Competitiveness: A Study Across Latin America and Europe. . https://digibug.ugr.es/handle/10481/105878",googlescholar,0,gs-review-unconfirmed,b3-2026-06-02,b3-2026-06-02,0,1
gs#gs_45,,2,2025,0,"NHM Noor, IS Al Koliby, AK Al-Swidi, MA Al-Hakimi",https://www.sciencedirect.com/science/article/pii/S2666188825002436,,,,,,,,,,,,,,nhm noor is al koliby ak al swidi ma al hakimi women entrepreneurs and sustainable development promoting business performance from the low income groups,,"NHM Noor, IS Al Koliby, AK Al-Swidi, MA Al-Hakimi (2025). Women entrepreneurs and sustainable development: Promoting business performance from the low-income groups. Sustainable Futures. https://www.sciencedirect.com/science/article/pii/S2666188825002436",googlescholar,0,gs-review-unconfirmed,b3-2026-06-02,b3-2026-06-02,0,1
gs#gs_46,,2,2024,0,"PE Petrakis, AM Kanzola, I Lomis",https://www.mdpi.com/1911-8074/17/8/370,,,,,,,,,,,,,,pe petrakis am kanzola i lomis adapting to multipolarity insights from iterated game theory simulations a preliminary study on hypothetical optimal global cooperation,,"PE Petrakis, AM Kanzola, I Lomis (2024). Adapting to Multipolarity: Insights from Iterated Game Theory Simulations—A Preliminary Study on Hypothetical Optimal Global Cooperation. Journal of Risk and Financial …. https://www.mdpi.com/1911-8074/17/8/370",googlescholar,0,gs-review-unconfirmed,b3-2026-06-02,b3-2026-06-02,0,1
gs#gs_47,,2,2024,0,SK Aryal,https://www.ceeol.com/search/article-detail?id=1318086,,,,,,,,,,,,,,sk aryal an interaction between regional power and liberal international order lio a case study of india and indonesia,,SK Aryal (2024). An Interaction Between Regional Power and Liberal International Order (LIO): A Case Study of India and Indonesia. Polish Political Science Yearbook. https://www.ceeol.com/search/article-detail?id=1318086,googlescholar,0,gs-review-unconfirmed,b3-2026-06-02,b3-2026-06-02,0,1
gs#gs_48,,2,2024,0,"K Kauskik, SR Rajasulochana, ...",https://search.proquest.com/openview/623f2d702592accbef16689c81f721a2/1?pq-origsite=gscholar&cbl=26425,,,,,,,,,,,,,,k kauskik sr rajasulochana are we missing some forces an exploratory study based on twitter analytics of political communication,,"K Kauskik, SR Rajasulochana, ... (2024). Are we Missing Some Forces? An Exploratory Study Based on Twitter Analytics of Political Communication. Communications of the …. https://search.proquest.com/openview/623f2d702592accbef16689c81f721a2/1?pq-origsite=gscholar&cbl=26425",googlescholar,0,gs-review-unconfirmed,b3-2026-06-02,b3-2026-06-02,0,1
gs#gs_49,,2,2024,0,CD González,https://search.proquest.com/openview/aefefaac95556973ca624d57ed56fed0/1?pq-origsite=gscholar&cbl=18750&diss=y,,,,,,,,,,,,,,cd gonzalez breathing a story of lifelong learners relationship to the changing world,,CD González (2024). Breathing: a story of lifelong learners' relationship to the changing world. . https://search.proquest.com/openview/aefefaac95556973ca624d57ed56fed0/1?pq-origsite=gscholar&cbl=18750&diss=y,googlescholar,0,gs-review-unconfirmed,b3-2026-06-02,b3-2026-06-02,0,1
gs#gs_50,,2,2024,0,PJ Hyun,https://interresearcher.com/index.php/JIR/article/view/32,,,,,,,,,,,,,,pj hyun combined learning architectures driving advances in multi document summarization,,PJ Hyun (2024). Combined Learning Architectures Driving Advances in Multi Document Summarization. Journal of Integrated Research. https://interresearcher.com/index.php/JIR/article/view/32,googlescholar,0,gs-review-unconfirmed,b3-2026-06-02,b3-2026-06-02,0,1
gs#gs_51,,2,2024,0,T Koutroukis,https://www.mdpi.com/2076-0760/13/3/171,,,,,,,,,,,,,,t koutroukis european works councils their impact on the europeanization of industrial relations in an era of market globalism,,T Koutroukis (2024). European works councils: their impact on the Europeanization of industrial relations in an era of market globalism. Social Sciences. https://www.mdpi.com/2076-0760/13/3/171,googlescholar,0,gs-review-unconfirmed,b3-2026-06-02,b3-2026-06-02,0,1
gs#gs_52,,2,2024,0,"M Ivanova-Gongne, L Torkkeli, N Koporcic, ...",https://doi.org/10.4324/9781003388036-17,,,,,,,,,,,,,,m ivanova gongne l torkkeli n koporcic forging the future the evolving role of individuals in b2b marketing,,"M Ivanova-Gongne, L Torkkeli, N Koporcic, ... (2024). Forging the future: The evolving role of individuals in B2B marketing. Individuals in B2B …. https://doi.org/10.4324/9781003388036-17",googlescholar,0,gs-review-unconfirmed,b3-2026-06-02,b3-2026-06-02,0,1
gs#gs_53,,2,2024,0,"I Ullah, FH Tunio, W Younas",https://www.ojs.ahss.org.pk/journal/article/view/717,,,,,,,,,,,,,,i ullah fh tunio w younas income disparities in brics economies analyzing the role of capital account liberalization and foreign bank ownership,,"I Ullah, FH Tunio, W Younas (2024). Income disparities in BRICS economies: analyzing the role of capital account liberalization and foreign bank ownership. Annals of Human and Social …. https://www.ojs.ahss.org.pk/journal/article/view/717",googlescholar,0,gs-review-unconfirmed,b3-2026-06-02,b3-2026-06-02,0,1
gs#gs_54,,2,2024,0,"M Ivanova-Gongne, L Torkkeli, N Koporcic, ...",https://books.google.com/books?hl=en&lr=&id=ZpAFEQAAQBAJ&oi=fnd&pg=PA1991&ots=Qe-7sqQlgp&sig=BofAqh-6vxwGWBAmSPO13zFQQLE,,,,,,,,,,,,,,m ivanova gongne l torkkeli n koporcic individuals in b2b marketing sensemaking and action in context,,"M Ivanova-Gongne, L Torkkeli, N Koporcic, ... (2024). Individuals in B2B marketing: sensemaking and action in context. . https://books.google.com/books?hl=en&lr=&id=ZpAFEQAAQBAJ&oi=fnd&pg=PA1991&ots=Qe-7sqQlgp&sig=BofAqh-6vxwGWBAmSPO13zFQQLE",googlescholar,0,gs-review-unconfirmed,b3-2026-06-02,b3-2026-06-02,0,1
gs#gs_55,,2,2024,0,"M Noor, N Hidayana",https://search.ebscohost.com/login.aspx?direct=true&profile=ehost&scope=site&authtype=crawler&jrnl=22898298&AN=181668163&h=wr7zjA9XC7NGbIAbFqNpACvS32Yk9%2BT%2Fbt2ZpHGytrs%2BEeuiTmv6CFt%2FR99kR5fuKk62DlMpICawFY7gOGHnnw%3D%3D&crl=c,,,,,,,,,,,,,,m noor n hidayana mengejar makhluk mitos syarikat unikorn faktor kejayaan perniagaan digital milik usahawan muda,,"M Noor, N Hidayana (2024). Mengejar Makhluk Mitos–Syarikat Unikorn: Faktor Kejayaan Perniagaan Digital Milik Usahawan Muda.. Journal of Entrepreneurship & …. https://search.ebscohost.com/login.aspx?direct=true&profile=ehost&scope=site&authtype=crawler&jrnl=22898298&AN=181668163&h=wr7zjA9XC7NGbIAbFqNpACvS32Yk9%2BT%2Fbt2ZpHGytrs%2BEeuiTmv6CFt%2FR99kR5fuKk62DlMpICawFY7gOGHnnw%3D%3D&crl=c",googlescholar,0,gs-review-unconfirmed,b3-2026-06-02,b3-2026-06-02,0,1
gs#gs_56,,2,2024,0,NHM Noor,https://elibrary.ru/item.asp?id=74548408,,,,,,,,,,,,,,nhm noor mengejar makhluk mitos syarikat unicorn mengenalpasti kejayaan perniagaan baru dalam dunia digital,,NHM Noor (2024). Mengejar makhluk mitos–syarikat unicorn: Mengenalpasti kejayaan perniagaan baru dalam dunia digital. Journal of Entrepreneurship and Business. https://elibrary.ru/item.asp?id=74548408,googlescholar,0,gs-review-unconfirmed,b3-2026-06-02,b3-2026-06-02,0,1
gs#gs_57,,2,2024,0,"A Klasen, S Krummaker, C Jeffs, J Vassard",https://openaccess.city.ac.uk/id/eprint/33555/,,,,,,,,,,,,,,a klasen s krummaker c jeffs j vassard navigating new trade horizons supporting exporters in a world of change,,"A Klasen, S Krummaker, C Jeffs, J Vassard (2024). Navigating New Trade Horizons: Supporting Exporters in a World of Change. . https://openaccess.city.ac.uk/id/eprint/33555/",googlescholar,0,gs-review-unconfirmed,b3-2026-06-02,b3-2026-06-02,0,1
gs#gs_58,,2,2024,0,"F Langard, MA Girard, R Vidosa, ...",https://www.scielo.cl/scielo.php?pid=S0718-27242024000300073&script=sci_arttext&tlng=en,,,,,,,,,,,,,,f langard ma girard r vidosa oligopoly strategies in agricultural innovation biotech and ict acquisitions,,"F Langard, MA Girard, R Vidosa, ... (2024). Oligopoly Strategies in Agricultural Innovation: Biotech and ICT Acquisitions. Journal of technology …. https://www.scielo.cl/scielo.php?pid=S0718-27242024000300073&script=sci_arttext&tlng=en",googlescholar,0,gs-review-unconfirmed,b3-2026-06-02,b3-2026-06-02,0,1
gs#gs_59,,2,2024,0,"I Sujoko, A Apriyani, R Saputra, M Aprilianto, ...",https://www.academia.edu/download/90899007/1702.pdf,,,,,,,,,,,,,,i sujoko a apriyani r saputra m aprilianto policy analysis building sports achievement in serang city,,"I Sujoko, A Apriyani, R Saputra, M Aprilianto, ... (2024). Policy analysis building sports achievement in Serang City. International Journal of …. https://www.academia.edu/download/90899007/1702.pdf",googlescholar,0,gs-review-unconfirmed,b3-2026-06-02,b3-2026-06-02,0,1
gs#gs_60,,2,2024,0,"B Breitschopf, A Billerbeck",https://www.econstor.eu/handle/10419/306343,,,,,,,,,,,,,,b breitschopf a billerbeck preference for design elements of financial participation and nonmonetary effects of using energy transition technologies survey results,,"B Breitschopf, A Billerbeck (2024). Preference for design elements of financial participation and nonmonetary effects of using energy transition technologies-survey results. . https://www.econstor.eu/handle/10419/306343",googlescholar,0,gs-review-unconfirmed,b3-2026-06-02,b3-2026-06-02,0,1
gs#gs_61,,2,2024,0,"B Breitschopf, MT Lotz, F Marscheider-Weidemann",https://www.econstor.eu/handle/10419/300575,,,,,,,,,,,,,,b breitschopf mt lotz f marscheider weidemann price pass through of co2 costs,,"B Breitschopf, MT Lotz, F Marscheider-Weidemann (2024). Price pass-through of CO₂ costs. . https://www.econstor.eu/handle/10419/300575",googlescholar,0,gs-review-unconfirmed,b3-2026-06-02,b3-2026-06-02,0,1
gs#gs_62,,2,2024,0,H Eryılmaz,https://open.metu.edu.tr/handle/11511/110825,,,,,,,,,,,,,,h ery lmaz reformulating the third mission of universities social innovation in the turkish higher education ecology,,H Eryılmaz (2024). REFORMULATING THE THIRD MISSION OF UNIVERSITIES: SOCIAL INNOVATION IN THE TURKISH HIGHER EDUCATION ECOLOGY. . https://open.metu.edu.tr/handle/11511/110825,googlescholar,0,gs-review-unconfirmed,b3-2026-06-02,b3-2026-06-02,0,1
gs#gs_63,,2,2024,0,"S Babangida-Sabo, SCA Utulu, ...",https://ieeexplore.ieee.org/abstract/document/10630013/,,,,,,,,,,,,,,s babangida sabo sca utulu sustainable development goal 17 and nigeria data protection regulation adoption among organizations in nigeria,,"S Babangida-Sabo, SCA Utulu, ... (2024). Sustainable Development Goal-17 and Nigeria Data Protection Regulation Adoption among Organizations in Nigeria. … Conference on Science …. https://ieeexplore.ieee.org/abstract/document/10630013/",googlescholar,0,gs-review-unconfirmed,b3-2026-06-02,b3-2026-06-02,0,1
gs#gs_64,,2,2024,0,Z Huma,https://allscoperesearch.com/index.php/MSI/article/view/32,,,,,,,,,,,,,,z huma the global convergence of patent standards harmonization challenges between emerging and developed economies,,Z Huma (2024). The Global Convergence of Patent Standards: Harmonization Challenges between Emerging and Developed Economies. Multidisciplinary Studies and Innovative Research. https://allscoperesearch.com/index.php/MSI/article/view/32,googlescholar,0,gs-review-unconfirmed,b3-2026-06-02,b3-2026-06-02,0,1
gs#gs_65,,2,2024,0,"RE del Rosario, CE Hsu",http://annalsofappliedsciences.com/index.php/aas/article/view/2,,,,,,,,,,,,,,re del rosario ce hsu the underlying factors of how information sharing on twitter could lead to fake news during times of socio economic crisis,,"RE del Rosario, CE Hsu (2024). The underlying factors of how information sharing on Twitter could lead to fake news during times of socio-economic crisis. Annals of Applied …. http://annalsofappliedsciences.com/index.php/aas/article/view/2",googlescholar,0,gs-review-unconfirmed,b3-2026-06-02,b3-2026-06-02,0,1
gs#gs_66,,2,2024,0,I Clarke,https://search.proquest.com/openview/ae33413fc4318b2c3e3c404dc24cd602/1?pq-origsite=gscholar&cbl=27141,,,,,,,,,,,,,,i clarke training the next generation of tech transfer officers assessing commercialization skills programs in canadian universities,,I Clarke (2024). Training the Next Generation of Tech Transfer Officers: Assessing Commercialization Skills Programs in Canadian Universities. Journal of Commercial Biotechnology. https://search.proquest.com/openview/ae33413fc4318b2c3e3c404dc24cd602/1?pq-origsite=gscholar&cbl=27141,googlescholar,0,gs-review-unconfirmed,b3-2026-06-02,b3-2026-06-02,0,1
gs#gs_67,,2,2023,0,"A Prasetyo, TW Raharjo, HS Rinawati, ...",https://www.atlantis-press.com/proceedings/bis-hss-22/125992749,,,,,,,,,,,,,,a prasetyo tw raharjo hs rinawati analysis of three levels of product potential of rural tourism areas as a buffer for the borobudur national strategic area,,"A Prasetyo, TW Raharjo, HS Rinawati, ... (2023). Analysis of Three Levels of Product Potential of Rural Tourism Areas as A Buffer for the Borobudur National Strategic Area. … on Humanities and …. https://www.atlantis-press.com/proceedings/bis-hss-22/125992749",googlescholar,0,gs-review-unconfirmed,b3-2026-06-02,b3-2026-06-02,0,1
gs#gs_68,,2,2023,0,"A Prasetyo, HS Rinawati, A Hamid, ...",https://www.atlantis-press.com/proceedings/bis-hss-22/125992685,,,,,,,,,,,,,,a prasetyo hs rinawati a hamid consistency of blitar city policy towards the area of acceleration of economic development in the perspective of regional competitive,,"A Prasetyo, HS Rinawati, A Hamid, ... (2023). Consistency of Blitar City Policy towards the Area of​​ Acceleration of Economic Development in the Perspective of Regional Competitive. … on Humanities and …. https://www.atlantis-press.com/proceedings/bis-hss-22/125992685",googlescholar,0,gs-review-unconfirmed,b3-2026-06-02,b3-2026-06-02,0,1
gs#gs_69,,2,2023,0,MA Mehar,https://dergipark.org.tr/en/pub/indpol/issue/79047/1322559,,,,,,,,,,,,,,ma mehar digital divide credit financing and financial inclusion changing patterns of poverty employment and income inequalities,,"MA Mehar (2023). Digital Divide, Credit Financing and Financial Inclusion: Changing Patterns of Poverty, Employment and Income Inequalities. Industrial Policy. https://dergipark.org.tr/en/pub/indpol/issue/79047/1322559",googlescholar,0,gs-review-unconfirmed,b3-2026-06-02,b3-2026-06-02,0,1
gs#gs_70,,2,2023,0,C Țîmbalari,http://digital-library.ulbsibiu.ro/jspui/bitstream/123456789/3495/1/2023-Timbalari%20Carolina.pdf,,,,,,,,,,,,,,c timbalari impactul culturii asupra competitivitatii abordare manageriala multinivel,,C Țîmbalari (2023). Impactul culturii asupra competitivității–Abordare managerială multinivel. . http://digital-library.ulbsibiu.ro/jspui/bitstream/123456789/3495/1/2023-Timbalari%20Carolina.pdf,googlescholar,0,gs-review-unconfirmed,b3-2026-06-02,b3-2026-06-02,0,1
gs#gs_71,,2,2023,0,"M Hämäläinen, K Peltonen, A Raappana",https://journal.fi/akakk/article/view/141579,,,,,,,,,,,,,,m hamalainen k peltonen a raappana kriittista tarkastelua yrittajamaisen toimintakulttuurin ilmenemisesta ammattikorkeakoulukontekstissa opettajien ja opiskelijoiden nakokulmia,,"M Hämäläinen, K Peltonen, A Raappana (2023). Kriittistä tarkastelua yrittäjämäisen toimintakulttuurin ilmenemisestä ammattikorkeakoulukontekstissa: opettajien ja opiskelijoiden näkökulmia. Ammattikasvatuksen …. https://journal.fi/akakk/article/view/141579",googlescholar,0,gs-review-unconfirmed,b3-2026-06-02,b3-2026-06-02,0,1
gs#gs_72,,2,2023,0,VHS Alves,https://repositorio.pucgoias.edu.br/jspui/handle/123456789/6724,,,,,,,,,,,,,,vhs alves o acordo de livre comercio entre mercosul e uniao europeia pela perspectiva da teoria da dependencia,,VHS Alves (2023). O acordo de livre comércio entre Mercosul e União europeia pela perspectiva da teoria da dependência. . https://repositorio.pucgoias.edu.br/jspui/handle/123456789/6724,googlescholar,0,gs-review-unconfirmed,b3-2026-06-02,b3-2026-06-02,0,1
gs#gs_73,,2,2023,0,L Milano,https://theses.hal.science/tel-04378686/,,,,,,,,,,,,,,l milano renovation de la theorie de la base economique depuis les suds une approche decentree du developpement territorial sur le cas du bresil,,L Milano (2023). Rénovation de la théorie de la base économique depuis les Suds: Une approche «décentrée» du développement territorial sur le cas du Brésil. . https://theses.hal.science/tel-04378686/,googlescholar,0,gs-review-unconfirmed,b3-2026-06-02,b3-2026-06-02,0,1
gs#gs_74,,2,2023,0,"G Laud, CY Chou, WWC Leo",https://www.emerald.com/josm/article/34/3/368/229849,,,,,,,,,,,,,,g laud cy chou wwc leo service system well being scale development and validation,,"G Laud, CY Chou, WWC Leo (2023). Service system well-being: scale development and validation. Journal of Service Management. https://www.emerald.com/josm/article/34/3/368/229849",googlescholar,0,gs-review-unconfirmed,b3-2026-06-02,b3-2026-06-02,0,1
gs#gs_75,,2,2022,0,"S Azarakhsh, J Einali",https://jurs.znu.ac.ir/article_254883_en.html?lang=fa,,,,,,,,,,,,,,s azarakhsh j einali an analysis of factors affecting the economic sustainability of rural tourism destinations case study tourism target villages of kohgiluyeh and boyer ahmad,,"S Azarakhsh, J Einali (2022). An Analysis of Factors Affecting the Economic Sustainability of Rural Tourism Destinations, Case Study: Tourism Target Villages of Kohgiluyeh and Boyer-Ahmad …. Economic Geography Research. https://jurs.znu.ac.ir/article_254883_en.html?lang=fa",googlescholar,0,gs-review-unconfirmed,b3-2026-06-02,b3-2026-06-02,0,1
gs#gs_76,,2,2022,0,"M Alexisson, N Arriagada",https://www.diva-portal.org/smash/record.jsf?pid=diva2:1681858,,,,,,,,,,,,,,m alexisson n arriagada in concert at the interior cluster a qualitative analysis of interaction and the space between conventions,,"M Alexisson, N Arriagada (2022). In Concert at The Interior Cluster: A qualitative analysis of Interaction and the space between Conventions. . https://www.diva-portal.org/smash/record.jsf?pid=diva2:1681858",googlescholar,0,gs-review-unconfirmed,b3-2026-06-02,b3-2026-06-02,0,1
gs#gs_77,,2,2022,0,"EA Nassr, K Siddiqui",https://abjournals.org/ijebi/wp-content/uploads/sites/5/journal/published_paper/volume-5/issue-1/IJEBI_RV1CODEY.pdf,,,,,,,,,,,,,,ea nassr k siddiqui public policies to support entrepreneurship and smes growth the case of libya,,"EA Nassr, K Siddiqui (2022). PUBLIC POLICIES TO SUPPORT ENTREPRENEURSHIP AND SMES GROWTH: THE CASE OF LIBYA. . https://abjournals.org/ijebi/wp-content/uploads/sites/5/journal/published_paper/volume-5/issue-1/IJEBI_RV1CODEY.pdf",googlescholar,0,gs-review-unconfirmed,b3-2026-06-02,b3-2026-06-02,0,1
gs#gs_78,,2,2022,0,"M Haider, R Shannon, GP Moschis",https://www.mdpi.com/2071-1050/14/7/3999,,,,,,,,,,,,,,m haider r shannon gp moschis sustainable consumption research and the role of marketing a review of the literature 1976 2021,,"M Haider, R Shannon, GP Moschis (2022). Sustainable consumption research and the role of marketing: A review of the literature (1976–2021). Sustainability. https://www.mdpi.com/2071-1050/14/7/3999",googlescholar,0,gs-review-unconfirmed,b3-2026-06-02,b3-2026-06-02,0,1
gs#gs_79,,2,2021,0,A Djeflat,https://www.researchgate.net/profile/Abdelkader-Djeflat-2/publication/349456176_Le_Coronavirus_et_l'economie_de_la_connaissance_les_effets_differencies_dans_le_Nord_et_dans_le_Sud/links/6030caea299bf1cc26d9b10f/Le-Coronavirus-et-leconomie-de-la-connaissance-les-effets-differencies-dans-le-Nord-et-dans-le-Sud.pdf,,,,,,,,,,,,,,a djeflat le coronavirus et l economie de la connaissance les effets differencies dans le nord et dans le sud,,A Djeflat (2021). Le Coronavirus et l'économie de la connaissance: les effets différenciés dans le Nord et dans le Sud. Revue Marocaine d'Audit et de Développement. https://www.researchgate.net/profile/Abdelkader-Djeflat-2/publication/349456176_Le_Coronavirus_et_l'economie_de_la_connaissance_les_effets_differencies_dans_le_Nord_et_dans_le_Sud/links/6030caea299bf1cc26d9b10f/Le-Coronavirus-et-leconomie-de-la-connaissance-les-effets-differencies-dans-le-Nord-et-dans-le-Sud.pdf,googlescholar,0,gs-review-unconfirmed,b3-2026-06-02,b3-2026-06-02,0,1
gs#gs_80,,2,2021,0,PMF Almeida,https://repositorio.iscte-iul.pt/handle/10071/24007,,,,,,,,,,,,,,pmf almeida o impacto da inteligencia artificial nas estrategias empreendedoras das empresas portuguesas,,PMF Almeida (2021). O impacto da inteligência artificial nas estratégias empreendedoras das empresas portuguesas. . https://repositorio.iscte-iul.pt/handle/10071/24007,googlescholar,0,gs-review-unconfirmed,b3-2026-06-02,b3-2026-06-02,0,1
gs#gs_81,,2,2021,0,"E Bokareva, A Silaeva, L Sanginova, ...",https://search.ebscohost.com/login.aspx?direct=true&profile=ehost&scope=site&authtype=crawler&jrnl=17286220&AN=160517098&h=2SLp3MwtCXZswWuWY6gOC5enTh5HHkOwFE8BxhJx75WHysni5c3kaYb%2BUikl816yqZaRfDSFBEoe2n9%2Bbc85dA%3D%3D&crl=c,,,,,,,,,,,,,,e bokareva a silaeva l sanginova objective and imperative content of financial policy at micro level,,"E Bokareva, A Silaeva, L Sanginova, ... (2021). Objective and imperative content of financial policy at micro level.. Economic Annals …. https://search.ebscohost.com/login.aspx?direct=true&profile=ehost&scope=site&authtype=crawler&jrnl=17286220&AN=160517098&h=2SLp3MwtCXZswWuWY6gOC5enTh5HHkOwFE8BxhJx75WHysni5c3kaYb%2BUikl816yqZaRfDSFBEoe2n9%2Bbc85dA%3D%3D&crl=c",googlescholar,0,gs-review-unconfirmed,b3-2026-06-02,b3-2026-06-02,0,1
gs#gs_82,,2,2021,0,M Zreik,https://www.researchgate.net/profile/Badar-Iqbal/publication/382795248_Euraseans_SI_RCEP_and_EU_July_2024/links/66ac224c8f7e1236bc2ec217/Euraseans-SI-RCEP-and-EU-July-2024.pdf#page=6,,,,,,,,,,,,,,m zreik rcep implications and challenges for the european union in a changing global economy,,M Zreik (2021). RCEP: Implications and challenges for the European Union in a changing global economy. The Eurasian Journal on Global Socio-Economic …. https://www.researchgate.net/profile/Badar-Iqbal/publication/382795248_Euraseans_SI_RCEP_and_EU_July_2024/links/66ac224c8f7e1236bc2ec217/Euraseans-SI-RCEP-and-EU-July-2024.pdf#page=6,googlescholar,0,gs-review-unconfirmed,b3-2026-06-02,b3-2026-06-02,0,1
gs#gs_83,,2,2021,0,"T Kriemadis, I Thomopoulou, G Sainis",https://doi.org/10.1108/978-1-83909-982-320211010,,,,,,,,,,,,,,t kriemadis i thomopoulou g sainis supporting entrepreneurship success through the implementation of a total quality management model for small and medium sized enterprises,,"T Kriemadis, I Thomopoulou, G Sainis (2021). Supporting Entrepreneurship Success through the Implementation of a Total Quality Management Model for Small and Medium-sized Enterprises. … , Institutional Framework and …. https://doi.org/10.1108/978-1-83909-982-320211010",googlescholar,0,gs-review-unconfirmed,b3-2026-06-02,b3-2026-06-02,0,1
